step,x,y,yaw,speed,segment_name,lane_deviation,penalty_increment,total_penalty,raw_time,penalty_time,final_time,finished,final_forward,final_turn,residual_speed_delta,residual_steering_bias,strict_lane_correction
1,-1.0631928443908691,-0.9409525990486145,-0.5476523637771606,0.38,normal_lane_following,0.009434783230155465,0.0,,,,,False,0.38,-0.24879924033544018,-0.04,-0.035,0.0
2,-1.0522760152816772,-0.9473767876625061,-0.5318949222564697,0.44999999999999996,normal_lane_following,0.012743587256287329,0.0,,,,,False,0.44999999999999996,-0.160252264299933,0.03,0.035,0.0
3,-1.0392577648162842,-0.9548283815383911,-0.5198759436607361,0.44999999999999996,normal_lane_following,0.016832725891732386,0.0,,,,,False,0.44999999999999996,-0.22540433358973483,0.03,-0.035,0.0
4,-1.0261154174804688,-0.9620588421821594,-0.5029705166816711,0.44999999999999996,normal_lane_following,0.021161343935541557,0.0,,,,,False,0.44999999999999996,-0.15033922836706703,0.03,0.035,0.004765087318504204
5,-1.0128905773162842,-0.9691416025161743,-0.4916931986808777,0.44999999999999996,normal_lane_following,0.025652249137559712,0.0,,,,,False,0.44999999999999996,-0.20444520923409668,0.03,-0.035,0.01601949423240805
6,-0.9995603561401367,-0.9760198593139648,-0.47635939717292786,0.44999999999999996,normal_lane_following,0.030361541620586015,0.0,,,,,False,0.44999999999999996,-0.12273845007025584,0.03,0.035,0.027695847757655254
7,-0.9861673712730408,-0.9827751517295837,-0.46715351939201355,0.44999999999999996,normal_lane_following,0.03520171787988452,0.0,,,,,False,0.44999999999999996,-0.17682251595774973,0.03,-0.035,0.03994000821352364
8,-0.9726860523223877,-0.9893522262573242,-0.4538913369178772,0.44999999999999996,normal_lane_following,0.04022970963394087,3.0,,,,,False,0.44999999999999996,-0.09563247700659852,0.03,0.035,0.052524466487699754
9,-0.9591579437255859,-0.9958324432373047,-0.44671839475631714,0.44999999999999996,normal_lane_following,0.04535890493201529,0.0,,,,,False,0.44999999999999996,-0.15033370830831394,0.03,-0.035,0.06559724504824625
10,-0.9455575942993164,-1.002159595489502,-0.43544289469718933,0.44999999999999996,normal_lane_following,0.05064681769647003,0.0,,,,,False,0.44999999999999996,-0.0698347450636009,0.03,0.035,0.07893315282323976
11,-0.9319242835044861,-1.0084155797958374,-0.43020474910736084,0.44999999999999996,normal_lane_following,0.056008078590809446,0.0,,,,,False,0.44999999999999996,-0.1252893654799319,0.03,-0.035,0.09268172601082209
12,-0.9182326793670654,-1.0145431756973267,-0.4208076000213623,0.44999999999999996,normal_lane_following,0.06150082545140091,0.0,,,,,False,0.44999999999999996,-0.04559189797051359,0.03,0.035,0.10662100433610457
13,-0.9045203924179077,-1.020623803138733,-0.4173877537250519,0.44999999999999996,normal_lane_following,0.04937619686126715,0.0,,,,,False,0.44999999999999996,-0.1128044793015366,0.03,-0.035,0.11
14,-0.8907556533813477,-1.026588797569275,-0.40892618894577026,0.44999999999999996,normal_lane_following,0.04341120243072516,0.0,,,,,False,0.44999999999999996,-0.06901368952760135,0.03,0.035,0.0893781118392946
15,-0.8769616484642029,-1.0324819087982178,-0.40374985337257385,0.44999999999999996,normal_lane_following,0.03751809120178229,0.0,,,,,False,0.44999999999999996,-0.15573979780443226,0.03,-0.035,0.07386912631988542
16,-0.8630997538566589,-1.0382134914398193,-0.392069011926651,0.44999999999999996,normal_lane_following,0.031786508560180726,0.0,,,,,False,0.44999999999999996,-0.10495922479642213,0.03,0.035,0.05854703712463395
17,-0.8491931557655334,-1.0438357591629028,-0.38419675827026367,0.44999999999999996,normal_lane_following,0.02616424083709723,0.0,,,,,False,0.44999999999999996,-0.17623914248814176,0.03,-0.02312527596950531,0.04364492225646989
18,-0.8352134227752686,-1.0492736101150513,-0.37097859382629395,0.44999999999999996,normal_lane_following,0.020726389884948793,0.0,,,,,False,0.44999999999999996,-0.13404446827775285,0.03,0.035,0.0290270261764528
19,-0.8211798071861267,-1.0545707941055298,-0.3609251081943512,0.44999999999999996,normal_lane_following,0.015429205894470277,0.0,,,,,False,0.44999999999999996,-0.18908449444109465,0.03,-0.009303078055381775,0.014888613700866863
20,-0.8070724010467529,-1.0596684217453003,-0.34674370288848877,0.44999999999999996,normal_lane_following,0.01033157825469977,0.0,,,,,False,0.44999999999999996,-0.15762419904782626,0.03,0.035,0.0011159353256227217
21,-0.7929058074951172,-1.064598798751831,-0.3349218964576721,0.44999999999999996,normal_lane_following,0.0054012012481690075,0.0,,,,,False,0.44999999999999996,-0.18551771903355416,0.03,0.0035561025142669678,0.0
22,-0.7786718606948853,-1.0693317651748657,-0.3210080564022064,0.44999999999999996,normal_lane_following,0.0006682348251343395,0.0,,,,,False,0.44999999999999996,-0.15116131680047912,0.03,0.035,0.0
23,-0.7643851041793823,-1.07390296459198,-0.30967092514038086,0.44999999999999996,normal_lane_following,0.0039029645919799187,0.0,,,,,False,0.44999999999999996,-0.15240839078944823,0.03,0.028797075152397156,0.0
24,-0.7500471472740173,-1.0783106088638306,-0.29824042320251465,0.4088370037078857,normal_lane_following,0.008310608863830504,0.0,,,,,False,0.4088370037078857,-0.14319825400919356,-0.011162996292114258,0.035,0.0
25,-0.7369823455810547,-1.0821876525878906,-0.28848323225975037,0.443004412651062,normal_lane_following,0.012187652587890563,0.0,,,,,False,0.443004412651062,-0.13988024697189377,0.02300441265106201,0.035,0.0
26,-0.7227829694747925,-1.086242437362671,-0.2781555652618408,1.029039804339409,normal_lane_following,0.016242437362670836,0.0,,,,,False,1.029039804339409,-0.23197962967448318,0.009039804339408875,0.035,0.0
27,-0.689451277256012,-1.0943416357040405,-0.23836959898471832,0.98,normal_lane_following,0.024341635704040465,0.0,,,,,False,0.98,-0.3036571421546582,-0.04,-0.035,-0.003230337142944176
28,-0.6573647856712341,-1.1004716157913208,-0.18877221643924713,1.26,normal_lane_following,0.030471615791320742,0.0,,,,,False,1.26,-0.288211509812274,-0.04,-0.023972347378730774,-0.024288252830505213
29,-0.615709662437439,-1.1058433055877686,-0.12824764847755432,1.26,normal_lane_following,0.03584330558776849,0.0,,,,,False,1.26,-0.28471638537642247,-0.04,-0.035,-0.04022620105743393
30,-0.5738078355789185,-1.1087161302566528,-0.06845680624246597,1.26,normal_lane_following,0.03871613025665277,0.0,,,,,False,1.26,-0.2592551264604777,-0.04,-0.035,-0.054192594528198086
31,-0.5318117141723633,-1.109304666519165,-0.01401293370872736,2.04,normal_lane_following,0.03930466651916498,0.0,,,,,False,2.04,-0.2109272295947956,-0.04,-0.035,-0.0616619386672972
32,-0.4639243483543396,-1.105383038520813,0.05770272761583328,2.04,normal_lane_following,0.035383038520812926,0.0,,,,,False,2.04,-0.16909531107270495,-0.04,-0.035,-0.06319213294982895
33,-0.39637449383735657,-1.0975669622421265,0.11519564688205719,2.04,normal_lane_following,0.027566962242126403,0.0,,,,,False,2.04,-0.09592867147892131,-0.04,-0.035,-0.05299590015411361
34,-0.3291156589984894,-1.0875521898269653,0.14781200885772705,2.04,normal_lane_following,0.01755218982696527,0.0,,,,,False,2.04,-0.006159179165821198,-0.04,-0.035,-0.03267410182952865
35,-0.26187774538993835,-1.0773966312408447,0.14990632236003876,2.04,normal_lane_following,0.007396631240844665,0.0,,,,,False,2.04,0.06020472263311216,-0.04,-0.035,-0.006635693550109703
36,-0.19444625079631805,-1.0686194896697998,0.1294366866350174,2.04,normal_lane_following,0.0013805103302002575,0.0,,,,,False,2.04,0.08681767749642469,-0.04,-0.035,0.0
37,-0.12678466737270355,-1.0618362426757812,0.09991813451051712,2.04,normal_lane_following,0.008163757324218812,0.0,,,,,False,2.04,0.08208208477474334,-0.04,-0.035,0.0
38,-0.05895994231104851,-1.0569437742233276,0.07200977951288223,2.04,normal_lane_following,0.013056225776672425,0.0,,,,,False,2.04,0.06598186098104186,-0.04,-0.035,0.0
39,0.008956856094300747,-1.0535739660263062,0.0495758131146431,2.04,normal_lane_following,0.01642603397369391,0.0,,,,,False,2.04,0.051162471999242926,-0.04,-0.035,0.0
40,0.07692178338766098,-1.0513861179351807,0.03218057379126549,2.04,normal_lane_following,0.018613882064819398,0.0,,,,,False,2.04,0.03763535303734077,-0.04,-0.035,0.003707688331604167
41,0.3488962948322296,-1.0513343811035156,-0.019003618508577347,2.04,pedestrian_cow_area,0.018665618896484437,0.0,,,,,False,2.04,0.03479808031925222,-0.04,-0.035,0.009396093368530437
42,0.4168645143508911,-1.0534307956695557,-0.030835067853331566,2.08,pedestrian_cow_area,0.016569204330444398,0.0,,,,,False,2.08,0.018156138849776047,0.0,0.0,0.009530609130859539
43,0.4861503839492798,-1.056004524230957,-0.0371292345225811,2.08,pedestrian_cow_area,0.013995475769043031,0.0,,,,,False,2.08,0.0019103574976699904,0.0,0.0,0.004079931259155437
44,0.7632763981819153,-1.0667582750320435,-0.03977827727794647,2.08,pedestrian_cow_area,0.003241724967956605,0.0,,,,,False,2.08,-0.01385031223969505,0.0,0.0,0.0
45,0.8325681090354919,-1.0691828727722168,-0.034976787865161896,2.08,pedestrian_cow_area,0.0008171272277832653,0.0,,,,,False,2.08,-0.07284225637397222,0.0,0.0,0.0
46,0.9018985033035278,-1.069857120513916,-0.009724680334329605,2.08,pedestrian_cow_area,0.00014287948608404655,0.0,,,,,False,2.08,-0.07689872983847909,0.0,0.0,0.0
47,1.1786614656448364,-1.0540863275527954,0.09690875560045242,2.08,pedestrian_cow_area,0.012476954256262208,0.0,,,,,False,2.08,-0.07916368565665191,0.0,0.0,0.0
48,1.2474595308303833,-1.0454868078231812,0.12435214966535568,2.08,pedestrian_cow_area,0.01590763115498714,0.0,,,,,False,2.08,-0.072610991776818,0.0,0.0,0.0
49,1.316019892692566,-1.0351582765579224,0.14952440559864044,2.08,pedestrian_cow_area,0.01724429388977442,0.0,,,,,False,2.08,-0.08035694018179872,0.0,0.0,0.0023598410029665646
50,1.3842658996582031,-1.0229240655899048,0.17738226056098938,2.08,pedestrian_cow_area,0.01922077701355462,0.0,,,,,False,2.08,-0.08795384874375681,0.0,0.0,0.005835164113413498
51,1.6525744199752808,-0.9533811211585999,0.2993464171886444,2.08,normal_lane_following,0.028145119054201292,0.0,,,,,False,2.08,-0.13678856762767994,0.0,0.0,0.010974020235242016
52,1.7177813053131104,-0.9298173785209656,0.3467664122581482,1.035987679362297,normal_lane_following,0.027398924980881086,0.0,,,,,False,1.035987679362297,-0.2979754844029344,0.015987679362297058,-0.035,0.034177309540923365
53,1.7496123313903809,-0.9164263010025024,0.39821627736091614,1.05,normal_lane_following,0.024219617903334885,0.0,,,,,False,1.05,-0.3028324286591023,0.03,-0.017671331763267517,0.032237204950290824
54,1.7811096906661987,-0.9011642336845398,0.4512116014957428,1.05,normal_lane_following,0.022831170763875416,0.0,,,,,False,1.05,-0.30290967869065216,0.03,-0.032501883804798126,0.023971006548670702
55,1.8117544651031494,-0.8842546939849854,0.5042215585708618,1.05,normal_lane_following,0.023297569811250442,0.0,,,,,False,1.05,-0.2866136117188322,0.03,-0.005533382296562195,0.020361043986076084
56,1.8415125608444214,-0.8658300042152405,0.5543798804283142,1.05,normal_lane_following,0.020285327887941015,0.0,,,,,False,1.05,-0.32209002107087287,0.03,-0.035,0.021573681509251152
57,1.8701856136322021,-0.8457580208778381,0.6107460856437683,1.0290252608060837,normal_lane_following,0.018447823704572274,0.0,,,,,False,1.0290252608060837,-0.2559556553466254,0.00902526080608368,0.016020193696022034,0.01374185250864664
58,1.8973954916000366,-0.8248730301856995,0.6546429395675659,1.05,normal_lane_following,0.018509336353979212,0.0,,,,,False,1.05,-0.3088059122407935,0.03,-0.035,0.008964341631887914
59,1.9239683151245117,-0.8020935654640198,0.7086846828460693,0.7750791597366333,normal_lane_following,0.019727563042798407,0.0,,,,,False,0.7750791597366333,-0.28526100593494663,-0.004920840263366699,0.02792312204837799,0.009124274520345952
60,1.94295072555542,-0.7845672965049744,0.7455352544784546,1.05,normal_lane_following,0.021166309905807663,0.0,,,,,False,1.05,-0.31882176704021076,0.03,-0.035,0.01229166391127586
61,1.9673022031784058,-0.7594272494316101,0.8013294339179993,0.9972110730409622,normal_lane_following,0.02133330656704387,0.0,,,,,False,0.9972110730409622,-0.2275274898169078,-0.02278892695903778,0.035,0.016032405755099927
62,1.989510178565979,-0.7346938848495483,0.8391441702842712,1.05,normal_lane_following,0.021423864694783874,0.0,,,,,False,1.05,-0.2669565866459808,0.03,-0.035,0.016466597074314065
63,2.0116519927978516,-0.7075876593589783,0.8858625292778015,0.6728476554155349,normal_lane_following,0.01944312775478322,0.0,,,,,False,0.6728476554155349,-0.2321613597256293,-0.027152344584465027,0.035,0.016702048206438072
64,2.025383710861206,-0.6898542642593384,0.911898136138916,0.73,normal_lane_following,0.01888724884616505,0.0,,,,,False,0.73,-0.33509971457393123,0.03,-0.035,0.011552132162436373
65,2.039485216140747,-0.6700232625007629,0.9526684880256653,0.6654166400432586,normal_lane_following,0.02039820467444076,0.0,,,,,False,0.6654166400432586,-0.2448595927713894,-0.03458335995674133,0.035,0.010106847000029132
66,2.0518438816070557,-0.6516042351722717,0.9798240065574646,0.73,normal_lane_following,0.022375935887444263,0.0,,,,,False,0.73,-0.32713365473930495,0.03,-0.035,0.014035332153545977
67,2.064586877822876,-0.6308743357658386,1.019624948501587,0.6599999999999999,normal_lane_following,0.02314457323607141,0.0,,,,,False,0.6599999999999999,-0.22531700837464103,-0.04,0.035,0.019177433307355087
68,2.0756399631500244,-0.61185222864151,1.044409990310669,0.73,normal_lane_following,0.02357333465778688,0.0,,,,,False,0.73,-0.30998173531450535,0.03,-0.035,0.021175890413785668
69,2.0870635509490967,-0.590366780757904,1.082124948501587,0.6599999999999999,normal_lane_following,0.02500496697534008,0.0,,,,,False,0.6599999999999999,-0.21105928837142748,-0.04,0.035,0.022290670110245887
70,2.096937894821167,-0.5707069635391235,1.1053420305252075,0.73,normal_lane_following,0.026873509127829372,0.0,,,,,False,0.73,-0.2927657523339044,0.03,-0.035,0.026012914135884208
71,2.1070783138275146,-0.5485869646072388,1.1409623622894287,0.6599999999999999,normal_lane_following,0.029802215531791982,0.0,,,,,False,0.6599999999999999,-0.19067161516195835,-0.04,0.035,0.03087112373235637
72,2.1158246994018555,-0.5284001231193542,1.16193687915802,0.73,normal_lane_following,0.029614180427958964,0.0,,,,,False,0.73,-0.2670058930541295,0.03,-0.035,0.038485760382659155
73,2.1247684955596924,-0.5057698488235474,1.194422721862793,0.6599999999999999,normal_lane_following,0.030321880148983824,0.0,,,,,False,0.6599999999999999,-0.17138967026864427,-0.04,0.035,0.03799686911269331
74,2.13246750831604,-0.48516082763671875,1.2132755517959595,0.7297288596630096,normal_lane_following,0.0307635178723528,0.0,,,,,False,0.7297288596630096,-0.2529160856233869,0.029728859663009644,-0.035,0.039836888387357945
75,2.140275001525879,-0.4621235430240631,1.2440353631973267,0.6599999999999999,normal_lane_following,0.031630748076784454,0.0,,,,,False,0.6599999999999999,-0.1567729692880177,-0.04,0.035,0.04098514646811728
76,2.1469762325286865,-0.4411688446998596,1.2612802982330322,0.7092375576496124,normal_lane_following,0.03279402653764277,0.0,,,,,False,0.7092375576496124,-0.23596612860238592,0.009237557649612427,-0.035,0.04323994499963958
77,2.153547763824463,-0.4184541702270508,1.2891783714294434,0.6599999999999999,normal_lane_following,0.03342693117332553,0.0,,,,,False,0.6599999999999999,-0.14476976646700676,-0.04,0.035,0.0462644689978712
78,2.1593244075775146,-0.3972260057926178,1.305103063583374,0.6939660131931304,normal_lane_following,0.034255083928307624,0.0,,,,,False,0.6939660131931304,-0.21722891521309792,-0.006033986806869507,-0.035,0.04791002105064637
79,2.1648359298706055,-0.374759703874588,1.3302279710769653,0.6599999999999999,normal_lane_following,0.032912505451837486,0.0,,,,,False,0.6599999999999999,-0.13165234312570465,-0.04,0.035,0.050063218213599825
80,2.1697676181793213,-0.35331955552101135,1.344709038734436,0.673496600985527,normal_lane_following,0.031195388482162033,0.0,,,,,False,0.673496600985527,-0.2040458640470646,-0.02650339901447296,-0.035,0.046572514174777466
81,2.17429780960083,-0.33133137226104736,1.3676127195358276,0.6599999999999999,normal_lane_following,0.02995617252451014,0.0,,,,,False,0.6599999999999999,-0.13127305917872162,-0.04,0.035,0.04210801005362129
82,2.1784255504608154,-0.30972176790237427,1.3820525407791138,0.58,normal_lane_following,0.02905920022162668,0.0,,,,,False,0.58,-0.19639314924752033,-0.04,-0.035,0.038886048563726364
83,2.181691884994507,-0.2906661331653595,1.4010369777679443,0.58,normal_lane_following,0.02830811500549313,0.0,,,,,False,0.58,-0.1516160179524458,-0.04,0.035,0.036553920576229366
84,2.184678554534912,-0.271564781665802,1.4156930446624756,0.58,normal_lane_following,0.025321445465087855,0.0,,,,,False,0.58,-0.21233743351400786,-0.04,-0.035,0.034601099014282134
85,2.187272548675537,-0.2524060606956482,1.4362190961837769,0.58,normal_lane_following,0.022727451324462855,0.0,,,,,False,0.58,-0.1465562675815224,-0.04,0.03115418553352356,0.026835758209228424
86,2.1895947456359863,-0.23321262001991272,1.4503861665725708,0.58,normal_lane_following,0.020405254364013636,0.0,,,,,False,0.58,-0.20445961596774587,-0.04,-0.035,0.020091373443603424
87,2.191537380218506,-0.21397696435451508,1.4701508283615112,0.58,normal_lane_following,0.018462619781494105,0.0,,,,,False,0.58,-0.15053227800100755,-0.04,0.016085132956504822,0.014053661346435457
88,2.193199872970581,-0.19471503794193268,1.484702229499817,0.58,normal_lane_following,0.01680012702941891,0.0,,,,,False,0.58,-0.1904208045699755,-0.04,-0.035,0.009002811431884675
89,2.194507598876953,-0.17542576789855957,1.5031094551086426,0.58,normal_lane_following,0.015492401123046838,0.0,,,,,False,0.58,-0.14657987462627828,-0.04,0.001802682876586914,0.004680330276489167
90,2.1955418586730957,-0.1561199128627777,1.517279028892517,0.58,normal_lane_following,0.014458141326904261,0.0,,,,,False,0.58,-0.1699806979064328,-0.04,-0.035,0.0012802429199217796
91,2.196258544921875,-0.13679970800876617,1.5337107181549072,0.58,normal_lane_following,0.013741455078124964,0.0,,,,,False,0.58,-0.13661377403031313,-0.04,-0.013279989361763,0.0
92,2.1967201232910156,-0.11747173964977264,1.5469167232513428,0.58,normal_lane_following,0.01327987670898434,0.0,,,,,False,0.58,-0.1418305180348636,-0.04,-0.035,0.0
93,2.1969168186187744,-0.09813914448022842,1.5606273412704468,0.58,normal_lane_following,0.013083181381225552,0.0,,,,,False,0.58,-0.12247828127690201,-0.04,-0.029313527047634125,0.0
94,2.1968812942504883,-0.07880418002605438,1.572465419769287,0.58,normal_lane_following,0.013118705749511683,0.0,,,,,False,0.58,-0.11307686159699115,-0.04,-0.035,0.0
95,2.1966378688812256,-0.059472281485795975,1.583396077156067,0.58,normal_lane_following,0.013362131118774379,0.0,,,,,False,0.58,-0.09939102056013531,-0.04,-0.035,0.0
96,2.1962084770202637,-0.04014350473880768,1.5930038690567017,0.58,normal_lane_following,0.013791522979736293,0.0,,,,,False,0.58,-0.08608861031157095,-0.04,-0.035,0.0
97,2.195618152618408,-0.02081914432346821,1.6013256311416626,0.58,normal_lane_following,0.014381847381591761,0.0,,,,,False,0.58,-0.07372380212798844,-0.04,-0.035,0.0
98,2.1948904991149902,-0.0014994752127677202,1.6084522008895874,0.58,normal_lane_following,0.01510950088500973,0.0,,,,,False,0.58,-0.06233929710104842,-0.04,-0.035,0.0
99,2.1940460205078125,0.01781551167368889,1.614478588104248,0.58,normal_lane_following,0.015953979492187464,0.0,,,,,False,0.58,-0.0516239707331798,-0.04,-0.035,0.0002847023010252997
100,2.193105459213257,0.037126101553440094,1.6194686889648438,0.58,normal_lane_following,0.01689454078674313,0.0,,,,,False,0.58,-0.03990876138752797,-0.04,-0.035,0.0024803466796874092
101,2.1920902729034424,0.05643291771411896,1.6233265399932861,0.58,normal_lane_following,0.01790972709655758,0.0,,,,,False,0.58,-0.02884695954971517,-0.04,-0.035,0.004925806045532136
102,2.191021203994751,0.07573682814836502,1.6261149644851685,0.58,normal_lane_following,0.018978796005248988,0.0,,,,,False,0.58,-0.01867209214074245,-0.04,-0.035,0.007565290451049714
103,2.1899173259735107,0.09503872692584991,1.6279200315475464,0.58,normal_lane_following,0.020082674026489222,0.0,,,,,False,0.58,-0.007170362401051697,-0.04,-0.03274114429950714,0.01034486961364737
104,2.188800096511841,0.11433985084295273,1.628612995147705,0.58,normal_lane_following,0.021199903488159144,0.0,,,,,False,0.58,-0.0011264415335848123,-0.04,-0.035,0.01321495246887198
105,2.187680959701538,0.13364079594612122,1.628722071647644,0.58,normal_lane_following,0.02231904029846188,0.0,,,,,False,0.58,0.013695248683169962,-0.04,-0.027271904051303864,0.016119749069213776
106,2.18658709526062,0.1529432088136673,1.627398133277893,0.58,normal_lane_following,0.023412904739379847,0.0,,,,,False,0.58,0.012397313018736991,-0.04,-0.035,0.019029504776000888
107,2.185516595840454,0.17224696278572083,1.6261988878250122,0.7036969417333603,normal_lane_following,0.024483404159545863,0.0,,,,,False,0.7036969417333603,0.12693393971391786,-0.03630305826663971,-0.021870583295822144,0.021873552322387604
108,2.184605360031128,0.19564922153949738,1.6113126277923584,0.7,normal_lane_following,0.025394639968872035,0.0,,,,,False,0.7,0.09627049656241038,-0.04,-0.035,0.024656850814819244
109,2.183922052383423,0.21897441148757935,1.6000806093215942,0.7134667837619781,cone_area,0.026077947616577113,0.0,,,,,False,0.7134667837619781,0.09781129002771272,-0.02653321623802185,-0.024881452322006226,0.027026063919067294
110,2.183502197265625,0.2427530586719513,1.5884498357772827,0.66,cone_area,0.026497802734374964,0.0,,,,,False,0.66,0.0591161015557688,-0.08,-0.055,0.028802663803100495
111,2.1832568645477295,0.2647518217563629,1.581946849822998,0.66,cone_area,0.026743135452270472,0.0,,,,,False,0.66,0.1437217046561912,-0.08,0.03207975625991821,0.02989428710937491
112,2.183359384536743,0.28675180673599243,1.566137433052063,0.66,cone_area,0.0266406154632568,0.0,,,,,False,0.66,0.05146220939618606,-0.08,-0.055,0.03053215217590323
113,2.183586597442627,0.30875080823898315,1.5604764223098755,0.66,cone_area,0.02641340255737301,0.0,,,,,False,0.66,0.11765005396139062,-0.08,0.027695506811141968,0.030265600204467683
114,2.184098243713379,0.330745130777359,1.547534704208374,1.2999999999999998,cone_area,0.025901756286621058,0.0,,,,,False,1.2999999999999998,0.015874393077714943,-0.08,-0.055,0.02967484664916983
115,2.185255289077759,0.37406349182128906,1.5440948009490967,1.4087642776966094,cone_area,0.024744710922241175,0.0,,,,,False,1.4087642776966094,0.09979689318444981,0.028764277696609497,0.04781968891620636,0.028344566345214754
116,2.187608480453491,0.4209640920162201,1.5206626653671265,1.386271719932556,cone_area,0.022391519546508754,0.0,,,,,False,1.386271719932556,-0.01155521664280212,0.006271719932556152,-0.055,0.025336248397827058
117,2.18980073928833,0.46712133288383484,1.5233322381973267,1.3282934176921843,cone_area,0.02019926071166989,0.0,,,,,False,1.3282934176921843,0.06606783738232391,-0.05170658230781555,0.05466504395008087,0.01921795082092276
118,2.1925482749938965,0.5113130807876587,1.508705735206604,1.3598126518726348,cone_area,0.01745172500610348,0.0,,,,,False,1.3598126518726348,-0.05156776013739478,-0.020187348127365112,-0.055,0.013518077850341715
119,2.1948318481445312,0.5565829873085022,1.520392656326294,1.3188766139745711,cone_area,0.015168151855468714,0.0,,,,,False,1.3188766139745711,-0.01994522671190057,-0.06112338602542877,0.0026567429304122925,0.00637448501586905
120,2.1968541145324707,0.600499153137207,1.5247769355773926,1.5772281390428544,cone_area,0.013145885467529261,0.0,,,,,False,1.5772281390428544,-0.43381667216012354,-0.04277186095714569,-0.055,0.0004371948242186591
121,2.1932806968688965,0.6529526114463806,1.6388165950775146,1.54,cone_area,0.01671930313110348,0.0,,,,,False,1.54,-0.43415216250923927,-0.08,-0.055,0.0
122,2.1841180324554443,0.7034618854522705,1.750249981880188,1.54,cone_area,0.02588196754455563,0.0,,,,,False,1.54,-0.34066330875567913,-0.08,-0.055,0.00447018814086905
123,2.170579671859741,0.7529780268669128,1.837687611579895,1.54,cone_area,0.039420328140258754,0.0,,,,,False,1.54,-0.21072771224191306,-0.08,-0.055,0.028293115615844636
124,2.1543843746185303,0.8016897439956665,1.8917741775512695,1.47,cone_area,0.05561562538146969,3.0,,,,,False,1.47,-0.25645811420145226,-0.08,-0.055,0.06349285316467276
125,2.136035919189453,0.8471249341964722,1.9546059370040894,1.47,cone_area,0.07396408081054684,0.0,,,,,False,1.47,-0.1421580959131331,-0.08,-0.055,0.1056006259918212
126,2.116116523742676,0.8918939232826233,1.9894347190856934,1.47,cone_area,0.09388347625732418,0.0,,,,,False,1.47,-0.04877418050444628,-0.08,-0.055,0.11
127,2.09566330909729,0.9364213943481445,2.0013842582702637,1.47,cone_area,0.11433669090270993,0.0,,,,,False,1.47,0.02301086608987532,-0.08,-0.055,0.11
128,2.0754611492156982,0.9810652732849121,1.9957457780838013,1.5498935461044312,cone_area,0.13453885078430172,0.0,,,,,False,1.5498935461044312,0.07806087743749512,-0.00010645389556884766,-0.055,0.11
129,2.055114984512329,1.0285534858703613,1.9755809307098389,1.59,cone_area,0.15488501548767086,0.0,,,,,False,1.59,0.09722861998468242,0.04,-0.055,0.02
130,2.0355043411254883,1.0777922868728638,1.949815034866333,1.69,cone_area,0.17449565887451168,0.0,,,,,False,1.69,0.4900610232353211,0.04,-0.049938976764678955,0.02
131,2.022059917449951,1.1324979066848755,1.8117817640304565,1.69,cone_area,0.1879400825500488,0.0,,,,,False,1.69,0.4900628709793091,0.04,-0.04993712902069092,0.02
132,2.016270637512207,1.1885334253311157,1.6737462282180786,1.69,cone_area,0.19372936248779293,0.0,,,,,False,1.69,0.48534736126661304,0.04,-0.05465263873338699,0.02
133,2.018171787261963,1.2448348999023438,1.537039041519165,2.09,cone_area,0.19182821273803707,0.0,,,,,False,2.09,0.4870942839980126,0.04,-0.05290571600198746,0.02
134,2.0322465896606445,1.3130654096603394,1.3673667907714844,1.09,cone_area,0.17775341033935543,0.0,,,,,False,1.09,3.965,0.04,-0.055,0.02
135,2.0612356662750244,1.3349686861038208,0.6470546722412109,0.7000000000000001,cone_area,0.14876433372497555,0.0,,,,,False,0.7000000000000001,0.2649690505684134,-0.08,0.055,0.02
136,2.0802783966064453,1.3484529256820679,0.6161414980888367,0.8078182029724121,cone_area,0.12972160339355465,0.0,,,,,False,0.8078182029724121,-0.5068487516511865,0.02781820297241211,-0.055,0.02
137,2.101142168045044,1.3654762506484985,0.6843808889389038,0.7901000964641571,cone_area,0.10885783195495602,0.0,,,,,False,0.7901000964641571,-0.4314267105712991,0.010100096464157104,-0.055,0.11
138,2.120569944381714,1.3832579851150513,0.7411942481994629,0.7802751052379608,cone_area,0.0894300556182861,0.0,,,,,False,0.7802751052379608,-0.41836397118515345,0.00027510523796081543,-0.055,0.11
139,2.13877272605896,1.4018360376358032,0.7956016063690186,0.7673525500297547,cone_area,0.07122727394104,0.0,,,,,False,0.7673525500297547,-0.41047568422309066,-0.012647449970245361,-0.055,0.11
140,2.1556906700134277,1.4210206270217896,0.8480978608131409,0.7563441979885102,cone_area,0.05430932998657223,0.0,,,,,False,0.7563441979885102,-0.3908860794808806,-0.023655802011489868,-0.055,0.11
141,2.171414375305176,1.4407284259796143,0.8973731994628906,0.7509029793739319,cone_area,0.03858562469482418,0.0,,,,,False,0.7509029793739319,-0.4405162264869048,-0.029097020626068115,-0.055,0.10220425796508781
142,2.1859233379364014,1.4611250162124634,0.9525045156478882,0.7133106875419617,cone_area,0.0240766620635986,0.0,,,,,False,0.7133106875419617,-0.46644100839267766,-0.06668931245803833,-0.055,0.06132262420654288
143,2.198610544204712,1.4812341928482056,1.007956624031067,0.473770546913147,cone_area,0.01138945579528805,0.0,,,,,False,0.473770546913147,-0.5814006786346437,-0.07622945308685303,-0.055,0.023599321365356363
144,2.2064154148101807,1.49496328830719,1.053865671157837,0.5561961859464646,cone_area,0.0035845851898193,0.0,,,,,False,0.5561961859464646,-0.5467167675495148,0.006196185946464539,0.0032832324504852295,0.0
145,2.214749813079834,1.5115244388580322,1.1045466661453247,0.7000000000000001,cone_area,0.00474981307983402,0.0,,,,,False,0.7000000000000001,-0.46649208838975403,-0.08,-0.055,0.0
146,2.2240898609161377,1.5329071283340454,1.158971905708313,0.7335390883684159,cone_area,0.01408986091613773,0.0,,,,,False,0.7335390883684159,-0.4429575388718851,-0.04646091163158417,-0.055,0.0
147,2.2326502799987793,1.5558111667633057,1.213126301765442,0.7000000000000001,cone_area,0.022650279998779332,0.0,,,,,False,0.7000000000000001,-0.41221064708725447,-0.08,-0.055,0.0
148,2.2397589683532715,1.5780352354049683,1.2612167596817017,0.7000000000000001,cone_area,0.02975896835327152,0.0,,,,,False,0.7000000000000001,-0.4019359405722195,-0.08,-0.055,-0.019890727996826268
149,2.2458181381225586,1.600568175315857,1.3081090450286865,0.39999999999999997,cone_area,0.03581813812255863,0.0,,,,,False,0.39999999999999997,-1.2933733177185058,-0.08,-0.055,-0.03837331771850595
150,2.2481589317321777,1.6136945486068726,1.3943339586257935,0.52,cone_area,0.03815893173217777,0.0,,,,,False,0.52,-1.1991271591186525,0.04,0.055,-0.054127159118652436
151,2.249415159225464,1.630982518196106,1.4982593059539795,1.34,cone_area,0.0394151592254639,0.0,,,,,False,1.34,-0.3134623294339949,0.04,-0.04831448942422867,-0.060213222503662206
152,2.249528169631958,1.6756491661071777,1.5682662725448608,2.0,cone_area,0.03952816963195804,0.0,,,,,False,2.0,-0.2376623768242519,-0.08,-0.055,-0.06347941398620616
153,2.244420289993286,1.742120623588562,1.647487759590149,0.6000000000000001,cone_area,0.03442028999328617,0.0,,,,,False,0.6000000000000001,-0.18055815451345963,-0.08,-0.055,-0.06377324104309091
154,2.242528200149536,1.7620311975479126,1.665544033050537,0.6055311787128449,cone_area,0.03252820014953617,0.0,,,,,False,0.6055311787128449,-0.09551483583912884,-0.07446882128715515,-0.055,-0.05049275398254404
155,2.2404251098632812,1.782105803489685,1.675183653831482,0.6251566636562348,cone_area,0.030425109863281286,0.0,,,,,False,0.6251566636562348,-0.055933025652286784,-0.05484333634376526,-0.055,-0.04557332038879404
156,2.238132953643799,1.802817940711975,1.6810117959976196,0.629206829071045,cone_area,0.028132953643798864,0.0,,,,,False,0.629206829071045,-0.04037501572872414,-0.05079317092895508,-0.055,-0.04010528564453134
157,2.2357378005981445,1.8236544132232666,1.685246229171753,0.6317481327056885,cone_area,0.025737800598144567,0.0,,,,,False,0.6317481327056885,-0.027427526385130532,-0.04825186729431152,-0.055,-0.03414567947387705
158,2.2332725524902344,1.8445680141448975,1.6881340742111206,0.6341674256324769,cone_area,0.02327255249023441,0.0,,,,,False,0.6341674256324769,-0.015391569755954546,-0.04583257436752319,-0.055,-0.027918281555175877
159,2.2307639122009277,1.8655576705932617,1.6897608041763306,0.6365238058567048,normal_lane_following,0.020763912200927766,0.0,,,,,False,0.6365238058567048,-0.0041481312972067065,-0.04347619414329529,-0.055,-0.02150863647460947
160,2.228236436843872,1.8866242170333862,1.690200686454773,0.7100000000000001,normal_lane_following,0.018236436843872106,0.0,,,,,False,0.7100000000000001,0.0719856348206461,0.03,0.010688066482543945,-0.014986171722412194
161,2.2256174087524414,1.910145878791809,1.6816824674606323,0.7045075970888138,normal_lane_following,0.015617408752441442,0.0,,,,,False,0.7045075970888138,0.03593667905631994,0.024507597088813782,-0.035,-0.008414735794067476
162,2.2231171131134033,1.9334962368011475,1.6774628162384033,0.7078621464967728,normal_lane_following,0.013117113113403354,0.0,,,,,False,0.7078621464967728,0.052521664242393344,0.027862146496772766,-0.02060091495513916,-0.0016052627563477502
163,2.220750570297241,1.9569727182388306,1.6712661981582642,0.7012147980928422,normal_lane_following,0.010750570297241246,0.0,,,,,False,0.7012147980928422,0.039565485293699215,0.021214798092842102,-0.03440585732460022,0.0
164,2.2185134887695312,1.9802393913269043,1.666642427444458,0.7036259996891022,normal_lane_following,0.008513488769531286,0.0,,,,,False,0.7036259996891022,0.05216193885972044,0.023625999689102173,-0.01933710277080536,0.0
165,2.216411828994751,2.0035994052886963,1.6605249643325806,0.7030679512023926,normal_lane_following,0.006411828994751012,0.0,,,,,False,0.7030679512023926,0.04320234575154221,0.023067951202392578,-0.03178209811449051,0.0
166,2.214430093765259,2.026951313018799,1.6554625034332275,0.7034462767839432,normal_lane_following,0.004430093765258825,0.0,,,,,False,0.7034462767839432,0.05197442005365534,0.023446276783943176,-0.019882693886756897,0.0
167,2.2125895023345947,2.0503273010253906,1.6493690013885498,0.7032418477535248,normal_lane_following,0.002589502334594762,0.0,,,,,False,0.7032418477535248,0.04068353751330295,0.02324184775352478,-0.028980374336242676,0.0
168,2.2108609676361084,2.0737051963806152,1.6446003913879395,0.7036291587352753,normal_lane_following,0.000860967636108434,0.0,,,,,False,0.7036291587352753,0.04731003341306542,0.02362915873527527,-0.019217967987060547,0.0
169,2.209261178970337,2.097104787826538,1.6390520334243774,0.7031612473726273,normal_lane_following,0.0007388210296630504,0.0,,,,,False,0.7031612473726273,0.03719098299545784,0.02316124737262726,-0.02738504856824875,0.0
170,2.207764148712158,2.120502233505249,1.6346919536590576,0.64,normal_lane_following,0.0022358512878417613,0.0,,,,,False,0.64,0.026918616338961476,-0.04,-0.035,0.0
171,2.206463098526001,2.141796112060547,1.631820559501648,0.64,normal_lane_following,0.003536901473998988,0.0,,,,,False,0.64,0.030718434372634808,-0.04,-0.029621846973896027,0.0
172,2.2052319049835205,2.1630940437316895,1.628543496131897,0.64,normal_lane_following,0.004768095016479457,0.0,,,,,False,0.64,0.028047242393876952,-0.04,-0.03189828246831894,0.0
173,2.20406436920166,2.1843957901000977,1.6255518198013306,0.64,normal_lane_following,0.005935630798339808,0.0,,,,,False,0.64,0.028142058530206432,-0.04,-0.031102657318115234,0.0
174,2.202960729598999,2.2057008743286133,1.6225498914718628,0.64,normal_lane_following,0.007039270401000941,0.0,,,,,False,0.64,0.028797703428928005,-0.04,-0.030070967972278595,0.0
175,2.201922655105591,2.227008819580078,1.6194777488708496,0.64,normal_lane_following,0.008077344894409144,0.0,,,,,False,0.64,0.02568549000125312,-0.04,-0.029098115861415863,0.0
176,2.2009427547454834,2.2483198642730713,1.616737961769104,0.64,normal_lane_following,0.009057245254516566,0.0,,,,,False,0.64,0.026071855444646623,-0.04,-0.02754635363817215,0.0
177,2.2000224590301514,2.2696335315704346,1.6139564514160156,0.64,normal_lane_following,0.009977540969848597,0.0,,,,,False,0.64,0.02648838561211784,-0.04,-0.02628166228532791,0.0
178,2.199162006378174,2.290949583053589,1.6111308336257935,0.64,normal_lane_following,0.010837993621826136,0.0,,,,,False,0.64,0.02735672328093091,-0.04,-0.024550050497055054,0.0
179,2.198364019393921,2.312268018722534,1.6082127094268799,0.64,normal_lane_following,0.011635980606079066,0.0,,,,,False,0.64,0.029560022988364278,-0.04,-0.021468117833137512,0.0
180,2.1976332664489746,2.3335890769958496,1.6050593852996826,0.64,normal_lane_following,0.012366733551025357,0.0,,,,,False,0.64,0.031895377849356144,-0.04,-0.01819443702697754,0.0
181,2.196974992752075,2.354912281036377,1.6016569137573242,0.6431891548633576,normal_lane_following,0.01302500724792477,0.0,,,,,False,0.6431891548633576,0.0342990723444712,-0.036810845136642456,-0.01466110348701477,0.0
182,2.196392297744751,2.3763442039489746,1.5979797840118408,0.6486376601457596,normal_lane_following,0.013607702255248988,0.0,,,,,False,0.6486376601457596,0.036334466303042115,-0.03136233985424042,-0.011286184191703796,0.0
183,2.195889472961426,2.3979599475860596,1.5940515995025635,0.6538586395978928,normal_lane_following,0.014110527038574183,0.0,,,,,False,0.6538586395978928,0.03809288381859842,-0.02614136040210724,-0.007956132292747498,0.0
184,2.1954731941223145,2.4197516441345215,1.589900255203247,0.64,normal_lane_following,0.014526805877685513,0.0,,,,,False,0.64,0.02402339977448501,-0.04,-0.020241454243659973,0.0
185,2.195120096206665,2.441082000732422,1.587337613105774,0.6429361182451249,normal_lane_following,0.014879903793334927,0.0,,,,,False,0.6429361182451249,0.030485527072723007,-0.03706388175487518,-0.0041902512311935425,0.0
186,2.194835662841797,2.4625113010406494,1.584071159362793,0.6468102413415909,normal_lane_following,0.01516433715820309,0.0,,,,,False,0.6468102413415909,0.02524659321042786,-0.03318975865840912,-0.00810997188091278,0.0
187,2.194608211517334,2.4840707778930664,1.5813493728637695,0.6532000678777695,normal_lane_following,0.01539178848266598,0.0,,,,,False,0.6532000678777695,0.03178865533131695,-0.02679993212223053,-2.1979212760925293e-05,0.00042727661132803407
188,2.1944539546966553,2.5058436393737793,1.5778884887695312,0.6573114770650864,normal_lane_following,0.015546045303344691,0.0,,,,,False,0.6573114770650864,0.03088455990344093,-0.022688522934913635,-1.7955899238586426e-05,0.0010186500549315498
189,2.1943724155426025,2.527754068374634,1.5745052099227905,0.6650098937749863,normal_lane_following,0.015627584457397425,0.0,,,,,False,0.6650098937749863,0.03567215123356617,-0.014990106225013733,0.00655953586101532,0.0014197177886961982
190,2.194377899169922,2.5499212741851807,1.5705512762069702,0.6736006367206574,normal_lane_following,0.015622100830078088,0.0,,,,,False,0.6736006367206574,0.036485204663958465,-0.006399363279342651,0.009319007396697998,0.0016317195892333076
191,2.1944754123687744,2.5723745822906494,1.5664550065994263,0.6853497850894928,normal_lane_following,0.01552458763122555,0.0,,,,,False,0.6853497850894928,0.03939053692216634,0.005349785089492798,0.014962881803512573,0.0016174621582030295
192,2.1946775913238525,2.5952186584472656,1.5619556903839111,0.6967431384325028,normal_lane_following,0.015322408676147425,0.0,,,,,False,0.6967431384325028,0.03894484336127472,0.016743138432502747,0.017690584063529968,0.0013639278411864326
193,2.1949880123138428,2.6184418201446533,1.557433009147644,0.7096638906002045,normal_lane_following,0.015011987686157191,0.0,,,,,False,0.7096638906002045,0.04080157565095717,0.029663890600204468,0.023443832993507385,0.0008382625579833076
194,2.195418119430542,2.6420934200286865,1.5526068210601807,0.6615381914377213,normal_lane_following,0.014581880569457972,0.0,,,,,False,0.6615381914377213,0.011735072628978051,-0.018461808562278748,-0.0013160556554794312,3.1167984008698134e-05
195,2.195847988128662,2.6641409397125244,1.5513126850128174,0.7004955637454987,normal_lane_following,0.014152011871337855,0.0,,,,,False,0.7004955637454987,0.036454415220456456,0.020495563745498657,0.035,0.0
196,2.1964023113250732,2.6874842643737793,1.5470561981201172,0.6962139683961869,normal_lane_following,0.013597688674926722,0.0,,,,,False,0.6962139683961869,0.011996144750904093,0.01621396839618683,0.011688873171806335,0.0
197,2.1969854831695557,2.7106845378875732,1.5456639528274536,0.7100000000000001,normal_lane_following,0.0130145168304443,0.0,,,,,False,0.7100000000000001,0.031386720796464665,0.03,0.035,0.0
198,2.1976680755615234,2.7343413829803467,1.5419498682022095,0.7100000000000001,normal_lane_following,0.012331924438476525,0.0,,,,,False,0.7100000000000001,0.024361740944579467,0.03,0.029387563467025757,0.0
199,2.1984188556671143,2.757996082305908,1.5390669107437134,0.7100000000000001,normal_lane_following,0.011581144332885707,0.0,,,,,False,0.7100000000000001,0.026349861568626204,0.03,0.035,0.0
200,2.1992433071136475,2.7816483974456787,1.5359487533569336,0.7100000000000001,normal_lane_following,0.010756692886352504,0.0,,,,,False,0.7100000000000001,0.023346491797373317,0.03,0.035,0.0
201,2.2001333236694336,2.8052988052368164,1.5331859588623047,0.7100000000000001,normal_lane_following,0.00986667633056637,0.0,,,,,False,0.7100000000000001,0.019989049539082746,0.03,0.035,0.0
202,2.2010791301727295,2.828946828842163,1.5308207273483276,0.7100000000000001,normal_lane_following,0.008920869827270472,0.0,,,,,False,0.7100000000000001,0.016799828756025897,0.03,0.035,0.0
203,2.2020721435546875,2.852592706680298,1.5288327932357788,0.7100000000000001,normal_lane_following,0.007927856445312464,0.0,,,,,False,0.7100000000000001,0.013813060834410269,0.03,0.035,0.0
204,2.203103542327881,2.876237154006958,1.5271981954574585,0.7100000000000001,normal_lane_following,0.006896457672119105,0.0,,,,,False,0.7100000000000001,0.011004551865670575,0.03,0.035,0.0
205,2.2041659355163574,2.8998804092407227,1.5258958339691162,0.7100000000000001,normal_lane_following,0.005834064483642543,0.0,,,,,False,0.7100000000000001,0.004580708824669766,0.03,0.035,0.0
206,2.2052409648895264,2.923522472381592,1.5253537893295288,0.7100000000000001,normal_lane_following,0.004759035110473597,0.0,,,,,False,0.7100000000000001,0.002352919758070289,0.03,0.035,0.0
207,2.20632266998291,2.94716477394104,1.525075078010559,0.7100000000000001,normal_lane_following,0.0036773300170898082,0.0,,,,,False,0.7100000000000001,0.0007123319810298859,0.03,0.035,0.0
208,2.207406520843506,2.970806837081909,1.5249909162521362,0.7100000000000001,normal_lane_following,0.002593479156494105,0.0,,,,,False,0.7100000000000001,-0.0007861446353271059,0.03,0.035,0.0
209,2.2084879875183105,2.9944491386413574,1.5250835418701172,0.7100000000000001,normal_lane_following,0.0015120124816894176,0.0,,,,,False,0.7100000000000001,-0.002207937832027315,0.03,0.035,0.0
210,2.2095632553100586,3.0180914402008057,1.525344729423523,0.7100000000000001,normal_lane_following,0.0004367446899413707,0.0,,,,,False,0.7100000000000001,-0.0035735886603407013,0.03,0.035,0.0
211,2.2106285095214844,3.041734218597412,1.5257675647735596,0.7100000000000001,normal_lane_following,0.0006285095214844106,0.0,,,,,False,0.7100000000000001,-0.00489698773823357,0.03,0.035,0.0
212,2.2116801738739014,3.065377712249756,1.5263469219207764,0.7100000000000001,normal_lane_following,0.0016801738739014027,0.0,,,,,False,0.7100000000000001,-0.07299483834304747,0.03,-0.031802885234355927,0.0
213,2.2125275135040283,3.089029550552368,1.5349847078323364,0.6947871971130372,normal_lane_following,0.002527513504028356,0.0,,,,,False,0.6947871971130372,-0.007472452700000985,0.01478719711303711,0.035,0.0
214,2.213336706161499,3.112175226211548,1.5358498096466064,0.7100000000000001,normal_lane_following,0.003336706161499059,0.0,,,,,False,0.7100000000000001,-0.0627807568007893,0.03,-0.026840895414352417,0.0
215,2.2139880657196045,3.1358330249786377,1.5432788133621216,0.6944660919904709,normal_lane_following,0.003988065719604528,0.0,,,,,False,0.6944660919904709,-0.0031520042997295536,0.014466091990470886,0.03350880742073059,0.0
216,2.214616537094116,3.1589736938476562,1.543643832206726,0.7100000000000001,normal_lane_following,0.0046165370941162465,0.0,,,,,False,0.7100000000000001,-0.05830565272571576,0.03,-0.026906795799732208,0.0
217,2.2150957584381104,3.182635545730591,1.5505435466766357,0.6950553733110428,normal_lane_following,0.005095758438110387,0.0,,,,,False,0.6950553733110428,0.00030836117889184583,0.015055373311042786,0.031973809003829956,0.0
218,2.2155656814575195,3.205799102783203,1.550507664680481,0.7100000000000001,normal_lane_following,0.005565681457519567,0.0,,,,,False,0.7100000000000001,-0.05326439068939212,0.03,-0.026619620621204376,0.0
219,2.2158966064453125,3.229463815689087,1.5568104982376099,0.696672894358635,normal_lane_following,0.0058966064453125355,0.0,,,,,False,0.696672894358635,0.0031386500702417497,0.01667289435863495,0.030040457844734192,0.0
220,2.2162299156188965,3.2526843547821045,1.5564463138580322,0.7100000000000001,normal_lane_following,0.006229915618896519,0.0,,,,,False,0.7100000000000001,-0.04792353292794059,0.03,-0.025718435645103455,0.0
221,2.216435432434082,3.276350259780884,1.5621169805526733,0.7017972248792649,normal_lane_following,0.006435432434082066,0.0,,,,,False,0.7017972248792649,0.0053264445254190135,0.02179722487926483,0.027798622846603394,0.0
222,2.2166528701782227,3.2997426986694336,1.5614937543869019,0.7100000000000001,normal_lane_following,0.006652870178222692,0.0,,,,,False,0.7100000000000001,-0.04038260575989327,0.03,-0.02222709357738495,0.0
223,2.2167601585388184,3.32340931892395,1.5662720203399658,0.6934975463151932,normal_lane_following,0.006760158538818395,0.0,,,,,False,0.6934975463151932,0.007324925119727713,0.013497546315193176,0.02686348557472229,0.0
224,2.2168843746185303,3.3465259075164795,1.565425157546997,0.7100000000000001,normal_lane_following,0.006884374618530309,0.0,,,,,False,0.7100000000000001,-0.05187404625070465,0.03,-0.021186858415603638,0.0
225,2.2168660163879395,3.370192766189575,1.5715633630752563,0.7008032578229905,normal_lane_following,0.006866016387939489,0.0,,,,,False,0.7008032578229905,-0.003199527587590817,0.020803257822990417,0.029590919613838196,0.0
226,2.21683931350708,3.3935530185699463,1.571937084197998,0.7100000000000001,normal_lane_following,0.006839313507080114,0.0,,,,,False,0.7100000000000001,-0.07241959329254949,0.03,-0.02022606134414673,0.0
227,2.216609477996826,3.417222499847412,1.5805082321166992,0.7091152745485306,normal_lane_following,0.006609477996826207,0.0,,,,,False,0.7091152745485306,-0.019574530658562753,0.02911527454853058,0.0344880074262619,0.0
228,2.216325283050537,3.4408583641052246,1.5828216075897217,0.7100000000000001,normal_lane_following,0.006325283050537145,0.0,,,,,False,0.7100000000000001,-0.06811320458288175,0.03,-0.01958678662776947,0.0
229,2.2158498764038086,3.464520215988159,1.5908817052841187,0.7100000000000001,normal_lane_following,0.005849876403808629,0.0,,,,,False,0.7100000000000001,-0.04727501345107474,0.03,0.03237411379814148,0.0
230,2.2152421474456787,3.4881792068481445,1.5964759588241577,0.7100000000000001,normal_lane_following,0.0052421474456787465,0.0,,,,,False,0.7100000000000001,-0.0865714093214754,0.03,-0.0108538419008255,0.0
231,2.2143919467926025,3.511831045150757,1.6067200899124146,0.7100000000000001,normal_lane_following,0.004391946792602575,0.0,,,,,False,0.7100000000000001,-0.08067591782917398,0.03,0.030845463275909424,0.0
232,2.2133162021636963,3.535473585128784,1.6162670850753784,0.7100000000000001,normal_lane_following,0.0033162021636963246,0.0,,,,,False,0.7100000000000001,-0.10882014602055191,0.03,-0.0018648207187652588,0.0
233,2.2119362354278564,3.5591001510620117,1.6291440725326538,0.7100000000000001,normal_lane_following,0.0019362354278564806,0.0,,,,,False,0.7100000000000001,-0.11471166792752743,0.03,0.028928518295288086,0.0
234,2.210235357284546,3.5827059745788574,1.6427180767059326,0.7100000000000001,normal_lane_following,0.00023535728454593396,0.0,,,,,False,0.7100000000000001,-0.1302803574011838,0.03,0.007784485816955566,0.0
235,2.2081711292266846,3.6062824726104736,1.6581346988677979,0.7100000000000001,normal_lane_following,0.0065432583937085585,0.0,,,,,False,0.7100000000000001,-0.10487797936456877,0.03,0.0269639790058136,0.0
236,2.2058141231536865,3.6298317909240723,1.6705455780029297,0.7100000000000001,normal_lane_following,0.004185876846313441,0.0,,,,,False,0.7100000000000001,-0.12466276027983475,0.03,0.035,0.0
237,2.2031102180480957,3.653343677520752,1.6852973699569702,0.7100000000000001,normal_lane_following,0.006889781951904262,0.0,,,,,False,0.7100000000000001,-0.12039495885414489,0.03,0.035,0.0
238,2.2000715732574463,3.676814556121826,1.699544072151184,0.7100000000000001,normal_lane_following,0.009928426742553675,0.0,,,,,False,0.7100000000000001,-0.14679588316509568,0.03,0.035,0.0
239,2.1966257095336914,3.7002291679382324,1.7169157266616821,0.65,normal_lane_following,0.013374290466308558,0.0,,,,,False,0.65,0.2368394462314069,0.03,0.035,0.0
240,2.1940219402313232,3.7217390537261963,1.6912575960159302,0.65,normal_lane_following,0.015978059768676722,0.0,,,,,False,0.65,0.2595130925290893,0.03,0.035,0.0
241,2.192023992538452,3.743313789367676,1.6631429195404053,0.65,normal_lane_following,0.017976007461547816,0.0,,,,,False,0.65,0.24711248496120422,0.03,0.035,0.0025429553985594796
242,2.1906039714813232,3.7649340629577637,1.6363717317581177,0.65,normal_lane_following,0.019396028518676722,0.0,,,,,False,0.65,0.23365399457453756,0.03,0.035,0.007737619400024324
243,2.1897318363189697,3.786583423614502,1.6110590696334839,0.65,normal_lane_following,0.020268163681030238,0.0,,,,,False,0.65,0.21817821003128013,0.03,0.035,0.01142967414855948
244,2.1893715858459473,3.8082473278045654,1.5874229669570923,0.65,normal_lane_following,0.0206284141540527,0.0,,,,,False,0.65,0.20095177117142884,0.03,0.035,0.013697225570678621
245,2.1894829273223877,3.829913854598999,1.5656532049179077,0.65,normal_lane_following,0.020001766901417216,0.0,,,,,False,0.65,0.1823691309293104,0.03,0.035,0.01463387680053702
246,2.1900224685668945,3.851573944091797,1.5458955764770508,0.7100000000000001,normal_lane_following,0.01566298666064848,0.0,,,,,False,0.7100000000000001,-0.4142599679691617,0.03,0.035,0.013004593943684762
247,2.1894514560699463,3.8752338886260986,1.5949170589447021,0.7100000000000001,normal_lane_following,0.01206591035243151,0.0,,,,,False,0.7100000000000001,-0.45002332674992396,0.03,0.035,0.0017237653176860512
248,2.1876220703125,3.898829936981201,1.6481703519821167,0.7100000000000001,normal_lane_following,0.007768761903979961,0.0,,,,,False,0.7100000000000001,-0.4378033009279161,0.03,0.035,0.0
249,2.1845734119415283,3.922299385070801,1.699977993965149,0.7100000000000001,normal_lane_following,0.003868520966751982,0.0,,,,,False,0.7100000000000001,-0.4442308696542343,0.03,0.035,0.0
250,2.180295467376709,3.9455764293670654,1.7525454759597778,0.7100000000000001,normal_lane_following,0.0005832807038593143,0.0,,,,,False,0.7100000000000001,-0.4280180398366691,0.03,0.035,0.0
251,2.174844741821289,3.968607187271118,1.8031946420669556,0.7100000000000001,normal_lane_following,0.0035688816012264925,0.0,,,,,False,0.7100000000000001,-0.43196236520614995,0.03,0.035,0.0
252,2.168224334716797,3.9913289546966553,1.8543109893798828,0.7100000000000001,normal_lane_following,0.00652491033547314,0.0,,,,,False,0.7100000000000001,-0.41545686158039097,0.03,0.035,0.0
253,2.1604955196380615,4.013698101043701,1.9034737348556519,0.7100000000000001,normal_lane_following,0.010170016498601348,0.0,,,,,False,0.7100000000000001,-0.41662803671773685,0.03,0.035,0.0
254,2.1516733169555664,4.0356597900390625,1.9527748823165894,0.7100000000000001,normal_lane_following,0.013291775159597757,0.0,,,,,False,0.7100000000000001,-0.40023373671640616,0.03,0.035,0.0
255,2.1418216228485107,4.057178497314453,2.0001351833343506,0.7100000000000001,normal_lane_following,0.01553848458242377,0.0,,,,,False,0.7100000000000001,-0.40958408998943985,0.03,0.035,0.0
256,2.130938768386841,4.078194618225098,2.04860258102417,0.7100000000000001,normal_lane_following,0.018943455954571666,0.0,,,,,False,0.7100000000000001,-0.3960737815760318,0.03,0.03393164277076721,-0.0014000599143018052
257,2.1190834045410156,4.098678112030029,2.0954720973968506,0.7085430401563645,normal_lane_following,0.02124773794820773,0.0,,,,,False,0.7085430401563645,-0.4121640807322409,0.02854304015636444,0.03062249720096588,-0.010252985481886334
258,2.106271505355835,4.118519306182861,2.1441452503204346,0.6920939910411835,normal_lane_following,0.02240039267513033,0.0,,,,,False,0.6920939910411835,-0.40396623044963076,0.012093991041183472,0.028276309370994568,-0.0162441186653401
259,2.0928680896759033,4.137296199798584,2.1907424926757812,0.6935376900434495,normal_lane_following,0.022452089645217624,0.0,,,,,False,0.6935376900434495,-0.41010021278766173,0.013537690043449402,0.028341978788375854,-0.019241020955338865
260,2.0785601139068604,4.155455112457275,2.238145351409912,0.6785869526863099,normal_lane_following,0.02140856802569615,0.0,,,,,False,0.6785869526863099,-0.40109225144993005,-0.0014130473136901855,0.019539639353752136,-0.019375433077565823
261,2.0637693405151367,4.1725687980651855,2.283508777618408,0.6804089623689652,normal_lane_following,0.020568269724965078,0.0,,,,,False,0.6804089623689652,-0.373812652648186,0.0004089623689651489,0.024848252534866333,-0.016662276866809992
262,2.048224925994873,4.189085006713867,2.3259007930755615,0.686906658411026,normal_lane_following,0.018925953302171016,0.0,,,,,False,0.686906658411026,-0.42185651025039655,0.006906658411026001,0.012639999389648438,-0.014477501284909204
263,2.0317418575286865,4.204984664916992,2.374207019805908,0.6494029092788697,normal_lane_following,0.01753528200104574,0.0,,,,,False,0.6494029092788697,-0.4005004234268166,-0.03059709072113037,0.01299247145652771,-0.010207478585644645
264,2.0155253410339355,4.219324111938477,2.4175541400909424,0.6643385815620423,normal_lane_following,0.017820996480256892,0.0,,,,,False,0.6643385815620423,-0.3764464740716042,-0.015661418437957764,0.011941298842430115,-0.006591733202718923
265,1.9983389377593994,4.2332892417907715,2.4592368602752686,0.6663770604133606,normal_lane_following,0.017190222834923708,0.0,,,,,False,0.6663770604133606,-0.3657662295646376,-0.013622939586639404,0.0037489384412765503,-0.007334590848667921
266,1.980545163154602,4.246585369110107,2.4998600482940674,0.6637660193443299,normal_lane_following,0.015936101844289587,0.0,,,,,False,0.6637660193443299,-0.3466406293241303,-0.016233980655670166,0.0022361427545547485,-0.005694579370801643
267,1.9623264074325562,4.2591400146484375,2.5382080078125,0.6705783236026764,normal_lane_following,0.014630354700804543,0.0,,,,,False,0.6705783236026764,-0.3295914816777867,-0.009421676397323608,-0.002926051616668701,-0.0024338647951529283
268,1.9434661865234375,4.271137714385986,2.5750434398651123,0.6689636337757111,normal_lane_following,0.012490933021271697,0.0,,,,,False,0.6689636337757111,-0.31641334402528026,-0.01103636622428894,-0.010157868266105652,0.0
269,1.9242407083511353,4.282434940338135,2.6103217601776123,0.6717547404766083,normal_lane_following,0.010837805902970989,0.0,,,,,False,0.6717547404766083,-0.32580914284528495,-0.008245259523391724,-0.00985918939113617,0.0
270,1.9045344591140747,4.293067455291748,2.6467995643615723,0.6652687120437623,normal_lane_following,0.008447888731953847,0.0,,,,,False,0.6652687120437623,-0.31303590021871597,-0.014731287956237793,-0.014815598726272583,0.0
271,1.884664535522461,4.302914142608643,2.681509494781494,0.6688761043548584,normal_lane_following,0.005317514853201056,0.0,,,,,False,0.6688761043548584,-0.29686976794287734,-0.011123895645141602,-0.0179746150970459,0.0
272,1.8643702268600464,4.312147617340088,2.7146048545837402,0.6731068867444993,normal_lane_following,0.004048468154744955,0.0,,,,,False,0.6731068867444993,-0.2822407708699357,-0.0068931132555007935,-0.022074922919273376,0.0
273,1.8436635732650757,4.320788383483887,2.7462685108184814,0.6761716383695603,normal_lane_following,0.0036987997751906946,0.0,,,,,False,0.6761716383695603,-0.26663980123865055,-0.0038283616304397583,-0.02452126145362854,0.0
274,1.8226114511489868,4.328839302062988,2.7763171195983887,0.6789854246377945,normal_lane_following,0.002807256880564598,0.0,,,,,False,0.6789854246377945,-0.2545736510952343,-0.0010145753622055054,-0.02989567071199417,0.0
275,1.8012477159500122,4.336311340332031,2.8051257133483887,0.6816519129276276,normal_lane_following,0.0013712932056645904,0.0,,,,,False,0.6816519129276276,-0.24912288103817906,0.0016519129276275635,-0.030629828572273254,0.0
276,1.779596209526062,4.343203544616699,2.833427667617798,0.6835296380519867,normal_lane_following,0.0008978318977187185,0.0,,,,,False,0.6835296380519867,-0.23607602998221391,0.0035296380519866943,-0.035,0.0
277,1.7577069997787476,4.349527835845947,2.860321521759033,0.6876989680528641,normal_lane_following,0.0018869966199677993,0.0,,,,,False,0.6876989680528641,-0.21851824315046942,0.007698968052864075,-0.035,0.0
278,1.7355319261550903,4.355337619781494,2.885366916656494,0.6937232542037964,normal_lane_following,0.002343176140407176,0.0,,,,,False,0.6937232542037964,-0.20159656740485513,0.013723254203796387,-0.035,0.0
279,1.7130318880081177,4.360674858093262,2.9086754322052,0.6988270509243012,normal_lane_following,0.0022659450878683906,0.0,,,,,False,0.6988270509243012,-0.18576409695713636,0.018827050924301147,-0.035,0.0
280,1.6902555227279663,4.365560054779053,2.930311441421509,0.7042252051830292,normal_lane_following,0.0024597100756620174,0.0,,,,,False,0.7042252051830292,-0.17099351850831732,0.024225205183029175,-0.035,0.0
281,1.6672090291976929,4.370021343231201,2.950381278991699,0.7087399739027024,normal_lane_following,0.0028670805800812185,0.0,,,,,False,0.7087399739027024,-0.1572704299208738,0.02873997390270233,-0.035,0.0
282,1.643935203552246,4.374079704284668,2.968958854675293,0.7100000000000001,normal_lane_following,0.00281884615190564,0.0,,,,,False,0.7100000000000001,-0.15103466856826875,0.03,-0.035,0.0
283,1.6205512285232544,4.37772798538208,2.9868311882019043,0.7100000000000001,normal_lane_following,0.0023322803271839092,0.0,,,,,False,0.7100000000000001,-0.13848705688275817,0.03,-0.035,0.0
284,1.5971107482910156,4.380992412567139,3.0032191276550293,0.7100000000000001,normal_lane_following,0.0018912711967182267,0.0,,,,,False,0.7100000000000001,-0.1261897019913812,0.03,-0.035,0.0
285,1.5736241340637207,4.383906364440918,3.0181517601013184,0.7100000000000001,normal_lane_following,0.0039909986541653295,0.0,,,,,False,0.7100000000000001,-0.11484758051864256,0.03,-0.035,0.0
286,1.5500999689102173,4.386500835418701,3.0317420959472656,0.7100000000000001,normal_lane_following,0.005770137422256585,0.0,,,,,False,0.7100000000000001,-0.10446394941576369,0.03,-0.035,0.0
287,1.5265454053878784,4.3888044357299805,3.0441036224365234,0.7100000000000001,normal_lane_following,0.007257528037263818,0.0,,,,,False,0.7100000000000001,-0.09496273298859798,0.03,-0.035,0.0
288,1.5029664039611816,4.390843391418457,3.0553407669067383,0.7100000000000001,normal_lane_following,0.008479587038201281,0.0,,,,,False,0.7100000000000001,-0.08733573802757123,0.03,-0.035,0.0
289,1.4793676137924194,4.392638683319092,3.0656754970550537,0.7100000000000001,normal_lane_following,0.009457443532433394,0.0,,,,,False,0.7100000000000001,-0.07893206948809803,0.03,-0.035,0.0
290,1.4557530879974365,4.39421272277832,3.0750155448913574,0.7100000000000001,normal_lane_following,0.010202363826157393,0.0,,,,,False,0.7100000000000001,-0.07108668895072175,0.03,-0.035,0.0
291,1.4321262836456299,4.395588397979736,3.083427667617798,0.7100000000000001,normal_lane_following,0.00994302080890817,0.0,,,,,False,0.7100000000000001,-0.06389108524816442,0.03,-0.035,0.0
292,1.4084898233413696,4.396785736083984,3.0909881591796875,0.7100000000000001,normal_lane_following,0.009505099640344569,0.0,,,,,False,0.7100000000000001,-0.0572959500790588,0.03,-0.035,0.0
293,1.3848457336425781,4.397822856903076,3.0977678298950195,0.7100000000000001,normal_lane_following,0.008906816827835836,0.0,,,,,False,0.7100000000000001,-0.05123912018473788,0.03,-0.035,0.0
294,1.3611958026885986,4.398716449737549,3.1038312911987305,0.7100000000000001,normal_lane_following,0.00816494531703213,0.0,,,,,False,0.7100000000000001,-0.041015794465318486,0.03,-0.035,0.0
295,1.3375418186187744,4.3994951248168945,3.108684778213501,0.7100000000000001,normal_lane_following,0.007308150519097593,0.0,,,,,False,0.7100000000000001,-0.035622161577041844,0.03,-0.035,0.0
296,1.242898941040039,4.401612281799316,3.1255455017089844,0.7100000000000001,normal_lane_following,0.0028839491712614788,0.0,,,,,False,0.7100000000000001,-0.031141212635964803,0.03,-0.035,0.0
297,1.2192338705062866,4.401905059814453,3.1292307376861572,0.7100000000000001,normal_lane_following,0.0015416518166071608,0.0,,,,,False,0.7100000000000001,-0.024228264589203644,0.03,-0.035,0.0
298,1.1955680847167969,4.402129650115967,3.1320974826812744,0.7100000000000001,normal_lane_following,0.00013128016164059075,0.0,,,,,False,0.7100000000000001,-0.02040976657968224,0.03,-0.035,0.0
299,1.1009007692337036,4.402456760406494,-3.1414270401000977,0.7100000000000001,normal_lane_following,0.0038168011394319767,0.0,,,,,False,0.7100000000000001,-0.01718133508160806,0.03,-0.035,0.0
300,1.077233910560608,4.40240478515625,-3.1393942832946777,0.64,normal_lane_following,0.00468746087056037,0.0,,,,,False,0.64,-0.010994164585899215,-0.04,-0.035,0.0
301,1.055899739265442,4.402332782745361,-3.138221263885498,0.64,normal_lane_following,0.0054974403377101196,0.0,,,,,False,0.64,-0.008215836828457276,-0.04,-0.035,0.0
302,0.9705672264099121,4.401858329772949,-3.1347155570983887,0.64,normal_lane_following,0.008923545608865055,0.0,,,,,False,0.64,-0.006199585685392622,-0.04,-0.035,0.0
303,0.9492343664169312,4.401697635650635,-3.1340548992156982,0.64,normal_lane_following,0.009822118340601493,0.0,,,,,False,0.64,0.0019038491645811742,-0.04,-0.035,0.0
304,0.9279014468193054,4.401541233062744,-3.1342575550079346,0.64,normal_lane_following,0.01071640416844351,0.0,,,,,False,0.64,-0.003108042608134222,-0.04,-0.035,0.0
305,0.9065687656402588,4.4013776779174805,-3.1339261531829834,0.64,normal_lane_following,0.011617830024954744,0.0,,,,,False,0.64,-0.0022133997350828466,-0.04,-0.035,0.0
306,0.8212379217147827,4.400672912597656,-3.132981777191162,0.64,normal_lane_following,0.01643168624469013,0.0,,,,,False,0.64,-0.0007566269291868558,-0.04,-0.035,0.0
307,0.7999051213264465,4.400487422943115,-3.1329009532928467,0.64,pedestrian_cow_area,0.017796547840333347,0.0,,,,,False,0.64,0.007759986548604162,-0.04,-0.035,0.00372238423619434
308,0.7785723209381104,4.400319576263428,-3.1337287425994873,0.68,pedestrian_cow_area,0.019143793456478195,0.0,,,,,False,0.68,0.03940976283445326,0.0,0.0,0.0
309,0.6879065036773682,4.400619029998779,3.1315901279449463,0.68,pedestrian_cow_area,0.020750479989689312,0.0,,,,,False,0.68,0.038943732386804424,0.0,0.0,0.0
310,0.665242075920105,4.400946140289307,3.1271767616271973,0.68,pedestrian_cow_area,0.020109628038059334,0.0,,,,,False,0.68,0.02252375162933778,0.0,0.0,0.0
311,0.665242075920105,4.400946140289307,3.1271767616271973,0.68,pedestrian_cow_area,0.020109628038059334,0.0,,,,,False,0.68,0.02252375162933778,0.0,0.0,0.0
312,0.6425784826278687,4.401330471038818,3.1246237754821777,0.68,pedestrian_cow_area,0.01941157266385223,0.0,,,,,False,0.68,0.018053658365080712,0.0,0.0,0.0
313,0.5519334077835083,4.403332233428955,3.1164393424987793,0.68,pedestrian_cow_area,0.01666776657104485,0.0,,,,,False,0.68,0.015150890582287857,0.0,0.0,0.0
314,0.5292748808860779,4.403941631317139,3.114722728729248,0.0,pedestrian_cow_area,0.016058368682861257,0.0,,,,,False,0.68,0.015150890582287857,0.0,0.0,0.0
315,0.5292748808860779,4.403941631317139,3.114722728729248,0.0,pedestrian_cow_area,0.016058368682861257,0.0,,,,,False,0.68,0.015150890582287857,0.0,0.0,0.0
316,0.5292748808860779,4.403941631317139,3.114722728729248,0.0,pedestrian_cow_area,0.016058368682861257,0.0,,,,,False,0.68,0.015150890582287857,0.0,0.0,0.0
317,0.5292748808860779,4.403941631317139,3.114722728729248,0.0,pedestrian_cow_area,0.016058368682861257,0.0,,,,,False,0.68,0.015150890582287857,0.0,0.0,0.0
318,0.5292748808860779,4.403941631317139,3.114722728729248,0.0,pedestrian_cow_area,0.016058368682861257,0.0,,,,,False,0.68,0.015150890582287857,0.0,0.0,0.0
319,0.5292748808860779,4.403941631317139,3.114722728729248,0.0,pedestrian_cow_area,0.016058368682861257,0.0,,,,,False,0.68,0.015150890582287857,0.0,0.0,0.0
320,0.5292748808860779,4.403941631317139,3.114722728729248,0.0,pedestrian_cow_area,0.016058368682861257,0.0,,,,,False,0.68,0.015150890582287857,0.0,0.0,0.0
321,0.5292748808860779,4.403941631317139,3.114722728729248,0.0,pedestrian_cow_area,0.016058368682861257,0.0,,,,,False,0.68,0.015150890582287857,0.0,0.0,0.0
322,0.5292748808860779,4.403941631317139,3.114722728729248,0.0,pedestrian_cow_area,0.016058368682861257,0.0,,,,,False,0.68,0.015150890582287857,0.0,0.0,0.0
323,0.5292748808860779,4.403941631317139,3.114722728729248,0.0,pedestrian_cow_area,0.016058368682861257,0.0,,,,,False,0.68,0.015150890582287857,0.0,0.0,0.0
324,0.5292748808860779,4.403941631317139,3.114722728729248,0.0,pedestrian_cow_area,0.016058368682861257,0.0,,,,,False,0.68,0.015150890582287857,0.0,0.0,0.0
325,0.5292748808860779,4.403941631317139,3.114722728729248,0.0,pedestrian_cow_area,0.016058368682861257,0.0,,,,,False,0.68,0.015150890582287857,0.0,0.0,0.0
326,0.5292748808860779,4.403941631317139,3.114722728729248,0.0,pedestrian_cow_area,0.016058368682861257,0.0,,,,,False,0.68,0.015150890582287857,0.0,0.0,0.0
327,0.5292748808860779,4.403941631317139,3.114722728729248,0.0,pedestrian_cow_area,0.016058368682861257,0.0,,,,,False,0.68,0.015150890582287857,0.0,0.0,0.0
328,0.5292748808860779,4.403941631317139,3.114722728729248,0.0,pedestrian_cow_area,0.016058368682861257,0.0,,,,,False,0.68,0.015150890582287857,0.0,0.0,0.0
329,0.5292748808860779,4.403941631317139,3.114722728729248,0.0,pedestrian_cow_area,0.016058368682861257,0.0,,,,,False,0.68,0.015150890582287857,0.0,0.0,0.0
330,0.5292748808860779,4.403941631317139,3.114722728729248,0.0,pedestrian_cow_area,0.016058368682861257,0.0,,,,,False,0.68,0.015150890582287857,0.0,0.0,0.0
331,0.5292748808860779,4.403941631317139,3.114722728729248,0.0,pedestrian_cow_area,0.016058368682861257,0.0,,,,,False,0.68,0.015150890582287857,0.0,0.0,0.0
332,0.5292748808860779,4.403941631317139,3.114722728729248,0.0,pedestrian_cow_area,0.016058368682861257,0.0,,,,,False,0.68,0.015150890582287857,0.0,0.0,0.0
333,0.5292748808860779,4.403941631317139,3.114722728729248,0.0,pedestrian_cow_area,0.016058368682861257,0.0,,,,,False,0.68,0.015150890582287857,0.0,0.0,0.0
334,0.5292748808860779,4.403941631317139,3.114722728729248,0.0,pedestrian_cow_area,0.016058368682861257,0.0,,,,,False,0.68,0.015150890582287857,0.0,0.0,0.0
335,0.5292748808860779,4.403941631317139,3.114722728729248,0.0,pedestrian_cow_area,0.016058368682861257,0.0,,,,,False,0.68,0.015150890582287857,0.0,0.0,0.0
336,0.5292748808860779,4.403941631317139,3.114722728729248,0.0,pedestrian_cow_area,0.016058368682861257,0.0,,,,,False,0.68,0.015150890582287857,0.0,0.0,0.0
337,0.5292748808860779,4.403941631317139,3.114722728729248,0.0,pedestrian_cow_area,0.016058368682861257,0.0,,,,,False,0.68,0.015150890582287857,0.0,0.0,0.0
338,0.5292748808860779,4.403941631317139,3.114722728729248,0.0,pedestrian_cow_area,0.016058368682861257,0.0,,,,,False,0.68,0.015150890582287857,0.0,0.0,0.0
339,0.5292748808860779,4.403941631317139,3.114722728729248,0.0,pedestrian_cow_area,0.016058368682861257,0.0,,,,,False,0.68,0.015150890582287857,0.0,0.0,0.0
340,0.5292748808860779,4.403941631317139,3.114722728729248,0.0,pedestrian_cow_area,0.016058368682861257,0.0,,,,,False,0.68,0.015150890582287857,0.0,0.0,0.0
341,0.5292748808860779,4.403941631317139,3.114722728729248,0.0,pedestrian_cow_area,0.016058368682861257,0.0,,,,,False,0.68,0.015150890582287857,0.0,0.0,0.0
342,0.5292748808860779,4.403941631317139,3.114722728729248,0.0,pedestrian_cow_area,0.016058368682861257,0.0,,,,,False,0.68,0.015150890582287857,0.0,0.0,0.0
343,0.5292748808860779,4.403941631317139,3.114722728729248,0.0,pedestrian_cow_area,0.016058368682861257,0.0,,,,,False,0.68,0.015150890582287857,0.0,0.0,0.0
344,0.5292748808860779,4.403941631317139,3.114722728729248,0.0,pedestrian_cow_area,0.016058368682861257,0.0,,,,,False,0.68,0.015150890582287857,0.0,0.0,0.0
345,0.5292748808860779,4.403941631317139,3.114722728729248,0.0,pedestrian_cow_area,0.016058368682861257,0.0,,,,,False,0.68,0.015150890582287857,0.0,0.0,0.0
346,0.5292748808860779,4.403941631317139,3.114722728729248,0.0,pedestrian_cow_area,0.016058368682861257,0.0,,,,,False,0.68,0.015150890582287857,0.0,0.0,0.0
347,0.5292748808860779,4.403941631317139,3.114722728729248,0.0,pedestrian_cow_area,0.016058368682861257,0.0,,,,,False,0.68,0.015150890582287857,0.0,0.0,0.0
348,0.5292748808860779,4.403941631317139,3.114722728729248,0.0,pedestrian_cow_area,0.016058368682861257,0.0,,,,,False,0.68,0.015150890582287857,0.0,0.0,0.0
349,0.5292748808860779,4.403941631317139,3.114722728729248,0.0,pedestrian_cow_area,0.016058368682861257,0.0,,,,,False,0.68,0.015150890582287857,0.0,0.0,0.0
350,0.5292748808860779,4.403941631317139,3.114722728729248,0.0,pedestrian_cow_area,0.016058368682861257,0.0,,,,,False,0.68,0.015150890582287857,0.0,0.0,0.0
351,0.5292748808860779,4.403941631317139,3.114722728729248,0.0,pedestrian_cow_area,0.016058368682861257,0.0,,,,,False,0.68,0.015150890582287857,0.0,0.0,0.0
352,0.5292748808860779,4.403941631317139,3.114722728729248,0.0,pedestrian_cow_area,0.016058368682861257,0.0,,,,,False,0.68,0.015150890582287857,0.0,0.0,0.0
353,0.5292748808860779,4.403941631317139,3.114722728729248,0.0,pedestrian_cow_area,0.016058368682861257,0.0,,,,,False,0.68,0.015150890582287857,0.0,0.0,0.0
354,0.5292748808860779,4.403941631317139,3.114722728729248,0.0,pedestrian_cow_area,0.016058368682861257,0.0,,,,,False,0.68,0.015150890582287857,0.0,0.0,0.0
355,0.5292748808860779,4.403941631317139,3.114722728729248,0.0,pedestrian_cow_area,0.016058368682861257,0.0,,,,,False,0.68,0.015150890582287857,0.0,0.0,0.0
356,0.5292748808860779,4.403941631317139,3.114722728729248,0.0,pedestrian_cow_area,0.016058368682861257,0.0,,,,,False,0.68,0.015150890582287857,0.0,0.0,0.0
357,0.5292748808860779,4.403941631317139,3.114722728729248,0.0,pedestrian_cow_area,0.016058368682861257,0.0,,,,,False,0.68,0.015150890582287857,0.0,0.0,0.0
358,0.5292748808860779,4.403941631317139,3.114722728729248,0.0,pedestrian_cow_area,0.016058368682861257,0.0,,,,,False,0.68,0.015150890582287857,0.0,0.0,0.0
359,0.5292748808860779,4.403941631317139,3.114722728729248,0.0,pedestrian_cow_area,0.016058368682861257,0.0,,,,,False,0.68,0.015150890582287857,0.0,0.0,0.0
360,0.5292748808860779,4.403941631317139,3.114722728729248,0.0,pedestrian_cow_area,0.016058368682861257,0.0,,,,,False,0.68,0.015150890582287857,0.0,0.0,0.0
361,0.5292748808860779,4.403941631317139,3.114722728729248,0.0,pedestrian_cow_area,0.016058368682861257,0.0,,,,,False,0.68,0.015150890582287857,0.0,0.0,0.0
362,0.5292748808860779,4.403941631317139,3.114722728729248,0.0,pedestrian_cow_area,0.016058368682861257,0.0,,,,,False,0.68,0.015150890582287857,0.0,0.0,0.0
363,0.5292748808860779,4.403941631317139,3.114722728729248,0.0,pedestrian_cow_area,0.016058368682861257,0.0,,,,,False,0.68,0.015150890582287857,0.0,0.0,0.0
364,0.5292748808860779,4.403941631317139,3.114722728729248,0.0,pedestrian_cow_area,0.016058368682861257,0.0,,,,,False,0.68,0.015150890582287857,0.0,0.0,0.0
365,0.5292748808860779,4.403941631317139,3.114722728729248,0.0,pedestrian_cow_area,0.016058368682861257,0.0,,,,,False,0.68,0.015150890582287857,0.0,0.0,0.0
366,0.5292748808860779,4.403941631317139,3.114722728729248,0.0,pedestrian_cow_area,0.016058368682861257,0.0,,,,,False,0.68,0.015150890582287857,0.0,0.0,0.0
367,0.5292748808860779,4.403941631317139,3.114722728729248,0.0,pedestrian_cow_area,0.016058368682861257,0.0,,,,,False,0.68,0.015150890582287857,0.0,0.0,0.0
368,0.5292748808860779,4.403941631317139,3.114722728729248,0.0,pedestrian_cow_area,0.016058368682861257,0.0,,,,,False,0.68,0.015150890582287857,0.0,0.0,0.0
369,0.5292748808860779,4.403941631317139,3.114722728729248,0.0,pedestrian_cow_area,0.016058368682861257,0.0,,,,,False,0.68,0.015150890582287857,0.0,0.0,0.0
370,0.5292748808860779,4.403941631317139,3.114722728729248,0.0,pedestrian_cow_area,0.016058368682861257,0.0,,,,,False,0.68,0.015150890582287857,0.0,0.0,0.0
371,0.5292748808860779,4.403941631317139,3.114722728729248,0.0,pedestrian_cow_area,0.016058368682861257,0.0,,,,,False,0.68,0.015150890582287857,0.0,0.0,0.0
372,0.5292748808860779,4.403941631317139,3.114722728729248,0.0,pedestrian_cow_area,0.016058368682861257,0.0,,,,,False,0.68,0.015150890582287857,0.0,0.0,0.0
373,0.5292748808860779,4.403941631317139,3.114722728729248,0.0,pedestrian_cow_area,0.016058368682861257,0.0,,,,,False,0.68,0.015150890582287857,0.0,0.0,0.0
374,0.5292748808860779,4.403941631317139,3.114722728729248,0.0,pedestrian_cow_area,0.016058368682861257,0.0,,,,,False,0.68,0.015150890582287857,0.0,0.0,0.0
375,0.5292748808860779,4.403941631317139,3.114722728729248,0.0,pedestrian_cow_area,0.016058368682861257,0.0,,,,,False,0.68,0.015150890582287857,0.0,0.0,0.0
376,0.5292748808860779,4.403941631317139,3.114722728729248,0.0,pedestrian_cow_area,0.016058368682861257,0.0,,,,,False,0.68,0.015150890582287857,0.0,0.0,0.0
377,0.5292748808860779,4.403941631317139,3.114722728729248,0.0,pedestrian_cow_area,0.016058368682861257,0.0,,,,,False,0.68,0.015150890582287857,0.0,0.0,0.0
378,0.5292748808860779,4.403941631317139,3.114722728729248,0.0,pedestrian_cow_area,0.016058368682861257,0.0,,,,,False,0.68,0.015150890582287857,0.0,0.0,0.0
379,0.5292748808860779,4.403941631317139,3.114722728729248,0.0,pedestrian_cow_area,0.016058368682861257,0.0,,,,,False,0.68,0.015150890582287857,0.0,0.0,0.0
380,0.5292748808860779,4.403941631317139,3.114722728729248,0.0,pedestrian_cow_area,0.016058368682861257,0.0,,,,,False,0.68,0.015150890582287857,0.0,0.0,0.0
381,0.5292748808860779,4.403941631317139,3.114722728729248,0.0,pedestrian_cow_area,0.016058368682861257,0.0,,,,,False,0.68,0.015150890582287857,0.0,0.0,0.0
382,0.5292748808860779,4.403941631317139,3.114722728729248,0.0,pedestrian_cow_area,0.016058368682861257,0.0,,,,,False,0.68,0.015150890582287857,0.0,0.0,0.0
383,0.5292748808860779,4.403941631317139,3.114722728729248,0.0,pedestrian_cow_area,0.016058368682861257,0.0,,,,,False,0.68,0.015150890582287857,0.0,0.0,0.0
384,0.5292748808860779,4.403941631317139,3.114722728729248,0.0,pedestrian_cow_area,0.016058368682861257,0.0,,,,,False,0.68,0.015150890582287857,0.0,0.0,0.0
385,0.5292748808860779,4.403941631317139,3.114722728729248,0.0,pedestrian_cow_area,0.016058368682861257,0.0,,,,,False,0.68,0.015150890582287857,0.0,0.0,0.0
386,0.5292748808860779,4.403941631317139,3.114722728729248,0.0,pedestrian_cow_area,0.016058368682861257,0.0,,,,,False,0.68,0.015150890582287857,0.0,0.0,0.0
387,0.5292748808860779,4.403941631317139,3.114722728729248,0.0,pedestrian_cow_area,0.016058368682861257,0.0,,,,,False,0.68,0.015150890582287857,0.0,0.0,0.0
388,0.5292748808860779,4.403941631317139,3.114722728729248,0.0,pedestrian_cow_area,0.016058368682861257,0.0,,,,,False,0.68,0.015150890582287857,0.0,0.0,0.0
389,0.5292748808860779,4.403941631317139,3.114722728729248,0.0,pedestrian_cow_area,0.016058368682861257,0.0,,,,,False,0.68,0.015150890582287857,0.0,0.0,0.0
390,0.5292748808860779,4.403941631317139,3.114722728729248,0.0,pedestrian_cow_area,0.016058368682861257,0.0,,,,,False,0.68,0.015150890582287857,0.0,0.0,0.0
391,0.5292748808860779,4.403941631317139,3.114722728729248,0.0,pedestrian_cow_area,0.016058368682861257,0.0,,,,,False,0.68,0.015150890582287857,0.0,0.0,0.0
392,0.5292748808860779,4.403941631317139,3.114722728729248,0.68,pedestrian_cow_area,0.016058368682861257,0.0,,,,,False,0.68,0.16152701821492868,0.0,0.0,0.0
393,0.5066311359405518,4.404964923858643,3.0964155197143555,0.68,pedestrian_cow_area,0.015035076141357349,0.0,,,,,False,0.68,0.16152701821492868,0.0,0.0,0.0
394,0.4840098023414612,4.406403064727783,3.078108787536621,0.68,pedestrian_cow_area,0.013596935272216726,0.0,,,,,False,0.68,0.14392114421476276,0.0,0.0,0.0
395,0.393849641084671,4.415837287902832,3.0128633975982666,0.68,pedestrian_cow_area,0.004162712097167898,0.0,,,,,False,0.68,0.12539482688416018,0.0,0.0,0.0
396,0.371413916349411,4.419066429138184,2.9986515045166016,0.68,pedestrian_cow_area,0.0009335708618163352,0.0,,,,,False,0.68,0.0501020202723342,0.0,0.0,0.0
397,0.3489970564842224,4.422422885894775,2.9929730892181396,0.68,pedestrian_cow_area,0.0024228858947754617,0.0,,,,,False,0.68,0.03125679696807561,0.0,0.0,0.0
398,0.259452223777771,4.436641216278076,2.978802442550659,0.68,pedestrian_cow_area,0.016641216278076243,0.0,,,,,False,0.68,0.01973421558120145,0.0,0.0,0.0
399,0.2370932698249817,4.440365314483643,2.97656512260437,0.68,pedestrian_cow_area,0.02036531448364265,0.0,,,,,False,0.68,-0.02046299155012679,0.0,0.0,0.0
400,0.21472586691379547,4.444036960601807,2.978884220123291,0.68,pedestrian_cow_area,0.02403696060180671,0.0,,,,,False,0.68,-0.029709188042933207,0.0,0.0,0.0
401,0.1251360923051834,4.45797061920166,2.992351531982422,0.68,pedestrian_cow_area,0.03797061920166023,0.0,,,,,False,0.68,-0.03479919327810403,0.0,0.0,0.0
402,0.10270795226097107,4.461252689361572,2.996295690536499,0.68,pedestrian_cow_area,0.04125268936157234,3.0,,,,,False,0.68,-0.05005730653003867,0.0,0.0,0.0
403,0.08026175945997238,4.464407444000244,3.0019683837890625,0.68,pedestrian_cow_area,0.04440744400024421,0.0,,,,,False,0.68,-0.05298448373786439,0.0,0.0,0.0
404,-0.009700355120003223,4.4756760597229,3.025987386703491,0.68,pedestrian_cow_area,0.05567605972290046,0.0,,,,,False,0.68,-0.054131767938460425,0.0,0.0,0.0
405,-0.03223152458667755,4.478152275085449,3.0321221351623535,0.68,pedestrian_cow_area,0.05815227508544929,0.0,,,,,False,0.68,-0.05494127042003594,0.0,0.0,0.0
406,-0.05477766692638397,4.480488300323486,3.038349151611328,0.68,pedestrian_cow_area,0.060488300323486406,0.0,,,,,False,0.68,-0.05436655091666256,0.0,0.0,0.0
407,-0.07733792066574097,4.482685565948486,3.0445103645324707,0.68,pedestrian_cow_area,0.0626855659484864,0.0,,,,,False,0.68,-0.0534358601182582,0.0,0.0,0.0
408,-0.16769914329051971,4.490106582641602,3.068734645843506,0.68,pedestrian_cow_area,0.07010658264160163,0.0,,,,,False,0.68,-0.052291786794790004,0.0,0.0,0.0
409,-0.19031530618667603,4.4916229248046875,3.0746607780456543,0.68,pedestrian_cow_area,0.07162292480468757,0.0,,,,,False,0.68,-0.17533770327707068,0.0,0.0,0.0
410,-0.2129572629928589,4.49268913269043,3.0945324897766113,0.68,pedestrian_cow_area,0.07268913269042976,0.0,,,,,False,0.68,-0.16349767747889546,0.0,0.0,0.0
411,-0.30360543727874756,4.49275541305542,-3.114532947540283,0.68,pedestrian_cow_area,0.07275541305541999,0.0,,,,,False,0.68,-0.14794687620665442,0.0,0.0,0.0
412,-0.3262506425380707,4.491762638092041,-3.0977649688720703,0.68,pedestrian_cow_area,0.07176263809204109,0.0,,,,,False,0.68,-0.08330667312836325,0.0,0.0,0.0
413,-0.34888526797294617,4.490555763244629,-3.0883233547210693,0.68,pedestrian_cow_area,0.07055576324462898,0.0,,,,,False,0.68,-0.0670223556858008,0.0,0.0,0.0
414,-0.4393123388290405,4.484009742736816,-3.0579400062561035,0.68,pedestrian_cow_area,0.06400974273681648,0.0,,,,,False,0.68,-0.05688005436259282,0.0,0.0,0.0
415,-0.4618872106075287,4.481970310211182,-3.0514931678771973,0.68,pedestrian_cow_area,0.06197031021118172,0.0,,,,,False,0.68,-0.020209363136049124,0.0,0.0,0.0
416,-0.48445722460746765,4.479879379272461,-3.0492031574249268,0.68,pedestrian_cow_area,0.05987937927246101,0.0,,,,,False,0.68,-0.011450790791030977,0.0,0.0,0.0
417,-0.5070247054100037,4.477758884429932,-3.047905206680298,0.68,pedestrian_cow_area,0.05775888442993171,0.0,,,,,False,0.68,-0.013276209421498038,0.0,0.0,0.0
418,-0.5972619652748108,4.468937397003174,-3.0418860912323,0.68,normal_lane_following,0.0489373970031739,0.0,,,,,False,0.68,-0.012606954092878564,0.0,0.0,0.0
419,-0.6198129057884216,4.466649055480957,-3.0404574871063232,0.6986249762773514,normal_lane_following,0.0466490554809571,0.0,,,,,False,0.6986249762773514,-0.06870802323082223,0.01862497627735138,0.02099919319152832,-0.08823723220825214
420,-0.6429619193077087,4.464112758636475,-3.032457113265991,0.6962264555692673,normal_lane_following,0.04411275863647468,0.0,,,,,False,0.6962264555692673,-0.07395105658361684,0.016226455569267273,0.015883296728134155,-0.08228754425048847
421,-0.7349982261657715,4.452025413513184,-2.9981322288513184,0.6992831009626389,normal_lane_following,0.032025413513183665,0.0,,,,,False,0.6992831009626389,-0.05712583721398627,0.019283100962638855,0.018984779715538025,-0.07569317245483417
422,-0.7580455541610718,4.4485392570495605,-2.991473913192749,0.6945044028759003,normal_lane_following,0.028539257049560618,0.0,,,,,False,0.6945044028759003,-0.0063279624727423725,0.014504402875900269,0.011550948023796082,-0.04426607513427753
423,-0.7809328436851501,4.4450602531433105,-2.990741014480591,0.6926159936189652,normal_lane_following,0.025060253143310618,0.0,,,,,False,0.6926159936189652,-0.012782651790374865,0.012615993618965149,0.008637234568595886,-0.03520206832885761
424,-0.8037528991699219,4.44155740737915,-2.989265203475952,0.6924700069427491,normal_lane_following,0.02155740737915046,0.0,,,,,False,0.6924700069427491,-0.001202884143095273,0.012470006942749023,0.009898975491523743,-0.026156658172607608
425,-0.8265677690505981,4.438051223754883,-2.989126205444336,0.6940584409236908,normal_lane_following,0.018051223754882884,0.0,,,,,False,0.6940584409236908,-0.008890986788268891,0.014058440923690796,0.008486971259117126,-0.017049259185791203
426,-0.8494311571121216,4.434514045715332,-2.988097667694092,0.6935314464569092,normal_lane_following,0.014514045715332102,0.0,,,,,False,0.6935314464569092,0.0012793946718077445,0.01353144645690918,0.00942482054233551,-0.0079331817626955
427,-0.8722776770591736,4.430983066558838,-2.9882452487945557,0.6923624801635743,normal_lane_following,0.010983066558837962,0.0,,,,,False,0.6923624801635743,0.008287855089083732,0.012362480163574219,0.007550835609436035,0.0
428,-0.8950909972190857,4.427479267120361,-2.989201307296753,0.691482447385788,normal_lane_following,0.0074792671203614,0.0,,,,,False,0.691482447385788,-0.021432780282447002,0.011482447385787964,0.006902903318405151,0.0
429,-0.9178646802902222,4.423923969268799,-2.9867308139801025,0.6922992992401124,normal_lane_following,0.003923969268798899,0.0,,,,,False,0.6922992992401124,-0.01956019861269474,0.012299299240112305,0.010850846767425537,0.0
430,-0.9406573176383972,4.420312881469727,-2.984473943710327,0.6913566666841507,normal_lane_following,0.00031288146972663355,0.0,,,,,False,0.6913566666841507,-0.020380697194172334,0.011356666684150696,0.009057968854904175,0.0
431,-0.9634102582931519,4.416653633117676,-2.9821252822875977,0.6906356143951417,normal_lane_following,0.0033463668823241477,0.0,,,,,False,0.6906356143951417,-0.04527840921735938,0.010635614395141602,0.009075313806533813,0.0
432,-0.9861200451850891,4.412879467010498,-2.9769129753112793,0.6698965060710907,normal_lane_following,0.007120532989501883,0.0,,,,,False,0.6698965060710907,-0.019472471848734504,-0.010103493928909302,0.035,0.0
433,-1.008139967918396,4.409171104431152,-2.974738121032715,0.6728701221942902,normal_lane_following,0.013547105113400534,0.0,,,,,False,0.6728701221942902,-0.017032271702622268,-0.007129877805709839,0.035,0.0
434,-1.0965384244918823,4.393848419189453,-2.967097043991089,0.6725860464572907,normal_lane_following,0.022305540508461827,0.0,,,,,False,0.6725860464572907,-0.05279240538754651,-0.007413953542709351,0.035,0.0
435,-1.1185941696166992,4.389825820922852,-2.9611785411834717,0.6763113516569138,normal_lane_following,0.025450982741153354,0.0,,,,,False,0.6763113516569138,-0.07384177706816267,-0.0036886483430862427,0.035,0.01899440532200075
436,-1.1407380104064941,4.385595798492432,-2.952854871749878,0.671960495710373,normal_lane_following,0.02674351414098677,0.0,,,,,False,0.671960495710373,-0.10293878093050796,-0.008039504289627075,0.035,0.027172555126998725
437,-1.2282136678695679,4.36625862121582,-2.9067394733428955,0.6681634861230851,normal_lane_following,0.030556253512509002,0.0,,,,,False,0.6681634861230851,-0.09874038858956871,-0.011836513876914978,0.035,0.030533136766565605
438,-1.2498162984848022,4.360838413238525,-2.895742893218994,0.676772438287735,normal_lane_following,0.031824327930837434,0.0,,,,,False,0.676772438287735,-0.10773578577921207,-0.0032275617122650146,0.035,0.04044625913252341
439,-1.2716288566589355,4.3550825119018555,-2.8835906982421875,0.6731715726852417,normal_lane_following,0.030647116025296087,0.0,,,,,False,0.6731715726852417,-0.13998691726675946,-0.006828427314758301,0.035,0.04374325262017733
440,-1.3574355840682983,4.328795909881592,-2.8207650184631348,0.6695154982805253,normal_lane_following,0.029486161484655396,0.0,,,,,False,0.6695154982805253,-0.14123623016786682,-0.010484501719474792,0.035,0.04068250166576983
441,-1.3785006999969482,4.321425437927246,-2.8050050735473633,0.6805664825439454,normal_lane_following,0.028408350327413505,0.0,,,,,False,0.6805664825439454,-0.19296730482501998,0.0005664825439453125,0.035,0.03766401986010403
442,-1.3997442722320557,4.3134660720825195,-2.7831170558929443,0.6693989115953446,normal_lane_following,0.026427243542607757,0.0,,,,,False,0.6693989115953446,-0.19258608604886324,-0.010601088404655457,0.035,0.03486171085127512
443,-1.4814988374710083,4.277719974517822,-2.6971731185913086,0.6768579113483429,normal_lane_following,0.023417873679842268,0.0,,,,,False,0.6768579113483429,-0.18986305185144445,-0.0031420886516571045,0.035,0.02971083321078017
444,-1.5016567707061768,4.267585754394531,-2.675755262374878,0.6851219165325165,normal_lane_following,0.02097787701604095,0.0,,,,,False,0.6851219165325165,-0.22992916357676033,0.0051219165325164795,0.035,0.0218864715675899
445,-1.5217846632003784,4.256795406341553,-2.6494998931884766,0.6803900825977326,normal_lane_following,0.018957674358546374,0.0,,,,,False,0.6803900825977326,-0.22962411320569634,0.00039008259773254395,0.035,0.015542480241706468
446,-1.541487693786621,4.24556303024292,-2.623460292816162,0.6847917664051056,pedestrian_cow_area,0.017540122395246525,0.0,,,,,False,0.6847917664051056,-0.22448455815119855,0.004791766405105591,0.035,0.010289953332220573
447,-1.6177211999893188,4.19537878036499,-2.520975351333618,0.68,pedestrian_cow_area,0.013346008980455426,0.0,,,,,False,0.68,-0.2796626968395491,0.0,0.0,0.006604318227640966
448,-1.6357342004776,4.181619644165039,-2.4892807006835938,0.68,pedestrian_cow_area,0.01190033295444978,0.0,,,,,False,0.68,-0.27897784595761205,0.0,0.0,0.0
449,-1.6533031463623047,4.16729736328125,-2.457663059234619,0.68,pedestrian_cow_area,0.011170974976891608,0.0,,,,,False,0.68,-0.30677316321236997,0.0,0.0,0.0
450,-1.7182912826538086,4.104173183441162,-2.3185908794403076,0.68,pedestrian_cow_area,0.010563348233299462,0.0,,,,,False,0.68,-0.29291112500113564,0.0,0.0,0.0
451,-1.7331451177597046,4.0870513916015625,-2.285393714904785,0.0,pedestrian_cow_area,0.010661132886656372,0.0,,,,,False,0.68,-0.29291112500113564,0.0,0.0,0.0
452,-1.7331451177597046,4.0870513916015625,-2.285393714904785,0.0,pedestrian_cow_area,0.010661132886656372,0.0,,,,,False,0.68,-0.29291112500113564,0.0,0.0,0.0
453,-1.7331451177597046,4.0870513916015625,-2.285393714904785,0.0,pedestrian_cow_area,0.010661132886656372,0.0,,,,,False,0.68,-0.29291112500113564,0.0,0.0,0.0
454,-1.7331451177597046,4.0870513916015625,-2.285393714904785,0.0,pedestrian_cow_area,0.010661132886656372,0.0,,,,,False,0.68,-0.29291112500113564,0.0,0.0,0.0
455,-1.7331451177597046,4.0870513916015625,-2.285393714904785,0.0,pedestrian_cow_area,0.010661132886656372,0.0,,,,,False,0.68,-0.29291112500113564,0.0,0.0,0.0
456,-1.7331451177597046,4.0870513916015625,-2.285393714904785,0.0,pedestrian_cow_area,0.010661132886656372,0.0,,,,,False,0.68,-0.29291112500113564,0.0,0.0,0.0
457,-1.7331451177597046,4.0870513916015625,-2.285393714904785,0.0,pedestrian_cow_area,0.010661132886656372,0.0,,,,,False,0.68,-0.29291112500113564,0.0,0.0,0.0
458,-1.7331451177597046,4.0870513916015625,-2.285393714904785,0.0,pedestrian_cow_area,0.010661132886656372,0.0,,,,,False,0.68,-0.29291112500113564,0.0,0.0,0.0
459,-1.7331451177597046,4.0870513916015625,-2.285393714904785,0.0,pedestrian_cow_area,0.010661132886656372,0.0,,,,,False,0.68,-0.29291112500113564,0.0,0.0,0.0
460,-1.7331451177597046,4.0870513916015625,-2.285393714904785,0.0,pedestrian_cow_area,0.010661132886656372,0.0,,,,,False,0.68,-0.29291112500113564,0.0,0.0,0.0
461,-1.7331451177597046,4.0870513916015625,-2.285393714904785,0.0,pedestrian_cow_area,0.010661132886656372,0.0,,,,,False,0.68,-0.29291112500113564,0.0,0.0,0.0
462,-1.7331451177597046,4.0870513916015625,-2.285393714904785,0.0,pedestrian_cow_area,0.010661132886656372,0.0,,,,,False,0.68,-0.29291112500113564,0.0,0.0,0.0
463,-1.7331451177597046,4.0870513916015625,-2.285393714904785,0.0,pedestrian_cow_area,0.010661132886656372,0.0,,,,,False,0.68,-0.29291112500113564,0.0,0.0,0.0
464,-1.7331451177597046,4.0870513916015625,-2.285393714904785,0.0,pedestrian_cow_area,0.010661132886656372,0.0,,,,,False,0.68,-0.29291112500113564,0.0,0.0,0.0
465,-1.7331451177597046,4.0870513916015625,-2.285393714904785,0.0,pedestrian_cow_area,0.010661132886656372,0.0,,,,,False,0.68,-0.29291112500113564,0.0,0.0,0.0
466,-1.7331451177597046,4.0870513916015625,-2.285393714904785,0.0,pedestrian_cow_area,0.010661132886656372,0.0,,,,,False,0.68,-0.29291112500113564,0.0,0.0,0.0
467,-1.7331451177597046,4.0870513916015625,-2.285393714904785,0.0,pedestrian_cow_area,0.010661132886656372,0.0,,,,,False,0.68,-0.29291112500113564,0.0,0.0,0.0
468,-1.7331451177597046,4.0870513916015625,-2.285393714904785,0.0,pedestrian_cow_area,0.010661132886656372,0.0,,,,,False,0.68,-0.29291112500113564,0.0,0.0,0.0
469,-1.7331451177597046,4.0870513916015625,-2.285393714904785,0.0,pedestrian_cow_area,0.010661132886656372,0.0,,,,,False,0.68,-0.29291112500113564,0.0,0.0,0.0
470,-1.7331451177597046,4.0870513916015625,-2.285393714904785,0.0,pedestrian_cow_area,0.010661132886656372,0.0,,,,,False,0.68,-0.29291112500113564,0.0,0.0,0.0
471,-1.7331451177597046,4.0870513916015625,-2.285393714904785,0.0,pedestrian_cow_area,0.010661132886656372,0.0,,,,,False,0.68,-0.29291112500113564,0.0,0.0,0.0
472,-1.7331451177597046,4.0870513916015625,-2.285393714904785,0.0,pedestrian_cow_area,0.010661132886656372,0.0,,,,,False,0.68,-0.29291112500113564,0.0,0.0,0.0
473,-1.7331451177597046,4.0870513916015625,-2.285393714904785,0.0,pedestrian_cow_area,0.010661132886656372,0.0,,,,,False,0.68,-0.29291112500113564,0.0,0.0,0.0
474,-1.7331451177597046,4.0870513916015625,-2.285393714904785,0.0,pedestrian_cow_area,0.010661132886656372,0.0,,,,,False,0.68,-0.29291112500113564,0.0,0.0,0.0
475,-1.7331451177597046,4.0870513916015625,-2.285393714904785,0.0,pedestrian_cow_area,0.010661132886656372,0.0,,,,,False,0.68,-0.29291112500113564,0.0,0.0,0.0
476,-1.7331451177597046,4.0870513916015625,-2.285393714904785,0.0,pedestrian_cow_area,0.010661132886656372,0.0,,,,,False,0.68,-0.29291112500113564,0.0,0.0,0.0
477,-1.7331451177597046,4.0870513916015625,-2.285393714904785,0.0,pedestrian_cow_area,0.010661132886656372,0.0,,,,,False,0.68,-0.29291112500113564,0.0,0.0,0.0
478,-1.7331451177597046,4.0870513916015625,-2.285393714904785,0.0,pedestrian_cow_area,0.010661132886656372,0.0,,,,,False,0.68,-0.29291112500113564,0.0,0.0,0.0
479,-1.7331451177597046,4.0870513916015625,-2.285393714904785,0.0,pedestrian_cow_area,0.010661132886656372,0.0,,,,,False,0.68,-0.29291112500113564,0.0,0.0,0.0
480,-1.7331451177597046,4.0870513916015625,-2.285393714904785,0.0,pedestrian_cow_area,0.010661132886656372,0.0,,,,,False,0.68,-0.29291112500113564,0.0,0.0,0.0
481,-1.7331451177597046,4.0870513916015625,-2.285393714904785,0.0,pedestrian_cow_area,0.010661132886656372,0.0,,,,,False,0.68,-0.29291112500113564,0.0,0.0,0.0
482,-1.7331451177597046,4.0870513916015625,-2.285393714904785,0.0,pedestrian_cow_area,0.010661132886656372,0.0,,,,,False,0.68,-0.29291112500113564,0.0,0.0,0.0
483,-1.7331451177597046,4.0870513916015625,-2.285393714904785,0.0,pedestrian_cow_area,0.010661132886656372,0.0,,,,,False,0.68,-0.29291112500113564,0.0,0.0,0.0
484,-1.7331451177597046,4.0870513916015625,-2.285393714904785,0.0,pedestrian_cow_area,0.010661132886656372,0.0,,,,,False,0.68,-0.29291112500113564,0.0,0.0,0.0
485,-1.7331451177597046,4.0870513916015625,-2.285393714904785,0.0,pedestrian_cow_area,0.010661132886656372,0.0,,,,,False,0.68,-0.29291112500113564,0.0,0.0,0.0
486,-1.7331451177597046,4.0870513916015625,-2.285393714904785,0.68,pedestrian_cow_area,0.010661132886656372,0.0,,,,,False,0.68,-0.3100285038721596,0.0,0.0,0.0
487,-1.747388243675232,4.069418907165527,-2.250256299972534,0.68,pedestrian_cow_area,0.011554815167929708,0.0,,,,,False,0.68,-0.3100285038721596,0.0,0.0,0.0
488,-1.7610032558441162,4.051296710968018,-2.2151191234588623,0.68,pedestrian_cow_area,0.01324367537321287,0.0,,,,,False,0.68,-0.2923596334654453,0.0,0.0,0.0
489,-1.8092455863952637,3.9746029376983643,-2.0825836658477783,0.68,pedestrian_cow_area,0.01776253897491191,0.0,,,,,False,0.68,-0.2740353564569101,0.0,0.0,0.0
490,-1.8197273015975952,3.954505205154419,-2.051525592803955,0.68,pedestrian_cow_area,0.02011169803171258,0.0,,,,,False,0.68,-0.2608197562973708,0.0,0.0,0.007182601334770966
491,-1.8296103477478027,3.9341063499450684,-2.0219650268554688,0.68,pedestrian_cow_area,0.023126289900872028,0.0,,,,,False,0.68,-0.23724114990726844,0.0,0.0,0.013290414882452714
492,-1.8635578155517578,3.8500781059265137,-1.9144138097763062,0.68,pedestrian_cow_area,0.030124000064252237,0.0,,,,,False,0.68,-0.21257805515812123,0.0,0.0,0.021128353742267274
493,-1.8706779479980469,3.8285582065582275,-1.8903213739395142,0.68,pedestrian_cow_area,0.03303625886698417,0.0,,,,,False,0.68,-0.1309658700130327,0.0,0.0,0.03932240016705582
494,-1.8774776458740234,3.8069353103637695,-1.875478744506836,0.68,pedestrian_cow_area,0.03628192813364779,0.0,,,,,False,0.68,-0.10867562856619008,0.0,0.0,0.046894273054158844
495,-1.884010672569275,3.7852303981781006,-1.8631623983383179,0.68,pedestrian_cow_area,0.03647454928359455,0.0,,,,,False,0.68,-0.09334755441435166,0.0,0.0,0.05533301314748426
496,-1.9078360795974731,3.6977555751800537,-1.820845127105713,0.68,pedestrian_cow_area,0.02725468316071406,0.0,,,,,False,0.68,-0.12047377899835768,0.0,0.0,0.05583382813734584
497,-1.913144588470459,3.6757192611694336,-1.8071914911270142,0.68,pedestrian_cow_area,0.023521407602640022,0.0,,,,,False,0.68,-0.1295761417806108,0.0,0.0,0.03186217621785655
498,-1.9181290864944458,3.653607130050659,-1.7925060987472534,0.68,pedestrian_cow_area,0.020116701751007642,0.0,,,,,False,0.68,-0.13295721726144363,0.0,0.0,0.02215565976686406
499,-1.9347190856933594,3.564483165740967,-1.7322322130203247,0.68,pedestrian_cow_area,0.009885324690679355,0.0,,,,,False,0.68,-0.13450446940017333,0.0,0.0,0.013303424552619871
500,-1.938020944595337,3.542058229446411,-1.716988444328308,0.68,pedestrian_cow_area,0.008181197050730806,0.0,,,,,False,0.68,-0.12391220562955929,0.0,0.0,0.0
501,-1.9410076141357422,3.5195891857147217,-1.7029449939727783,0.68,pedestrian_cow_area,0.0067945923082368045,0.0,,,,,False,0.68,-0.11419011532311471,0.0,0.0,0.0
502,-1.9500397443771362,3.42938232421875,-1.651178240776062,0.68,pedestrian_cow_area,3.974437713627488e-05,0.0,,,,,False,0.68,-0.105311941664701,0.0,0.0,0.0
503,-1.9515900611877441,3.406768321990967,-1.6392426490783691,0.68,pedestrian_cow_area,0.0015900611877441848,0.0,,,,,False,0.68,-0.07166661171860109,0.0,0.0,0.0
504,-1.9529566764831543,3.3841426372528076,-1.631120204925537,0.68,pedestrian_cow_area,0.0029566764831543413,0.0,,,,,False,0.68,-0.06358034952064338,0.0,0.0,0.0
505,-1.9541600942611694,3.3615078926086426,-1.6239144802093506,0.68,pedestrian_cow_area,0.004160094261169478,0.0,,,,,False,0.68,-0.05877401580781045,0.0,0.0,0.0
506,-1.9574655294418335,3.270901918411255,-1.5972697734832764,0.68,pedestrian_cow_area,0.0074655294418335405,0.0,,,,,False,0.68,-0.05255410142417597,0.0,0.0,0.0
507,-1.957930564880371,3.2482399940490723,-1.5913134813308716,0.68,pedestrian_cow_area,0.007930564880371138,0.0,,,,,False,0.68,-0.0342719893406218,0.0,0.0,0.0
508,-1.9583076238632202,3.225576400756836,-1.5874289274215698,0.68,pedestrian_cow_area,0.00830762386322026,0.0,,,,,False,0.68,-0.030045765169558175,0.0,0.0,0.0
509,-1.9590437412261963,3.1349127292633057,-1.573807716369629,0.68,pedestrian_cow_area,0.009043741226196333,0.0,,,,,False,0.68,-0.027615985524947623,0.0,0.0,0.0
510,-1.9590409994125366,3.112245798110962,-1.5706775188446045,0.68,pedestrian_cow_area,0.009040999412536666,0.0,,,,,False,0.68,-0.0142024644161664,0.0,0.0,0.0
511,-1.9590017795562744,3.089578866958618,-1.5690678358078003,0.68,pedestrian_cow_area,0.009001779556274458,0.0,,,,,False,0.68,-0.011787670531913631,0.0,0.0,0.0
512,-1.9585421085357666,2.9989123344421387,-1.5637238025665283,0.68,pedestrian_cow_area,0.008542108535766646,0.0,,,,,False,0.68,-0.010707362820072223,0.0,0.0,0.0
513,-1.9583543539047241,2.9762463569641113,-1.5625101327896118,0.68,pedestrian_cow_area,0.008354353904724166,0.0,,,,,False,0.68,-0.007171872060478442,0.0,0.0,0.0
514,-1.9581480026245117,2.953580141067505,-1.5616971254348755,0.68,pedestrian_cow_area,0.008148002624511763,0.0,,,,,False,0.68,-0.006341991848784421,0.0,0.0,0.0
515,-1.95792555809021,2.9309146404266357,-1.5609781742095947,0.68,pedestrian_cow_area,0.007925558090210005,0.0,,,,,False,0.68,-0.005860223979961136,0.0,0.0,0.0
516,-1.9568848609924316,2.8402531147003174,-1.5583213567733765,0.68,normal_lane_following,0.006884860992431685,0.0,,,,,False,0.68,-0.0012188040012572122,0.0,0.0,0.0
517,-1.9565988779067993,2.8175880908966064,-1.5581833124160767,0.7047782468795777,normal_lane_following,0.006598877906799361,0.0,,,,,False,0.7047782468795777,0.02751545825470166,0.024778246879577637,0.026322156190872192,0.0
518,-1.9563785791397095,2.7940962314605713,-1.561415433883667,0.6973168182373047,normal_lane_following,0.006378579139709517,0.0,,,,,False,0.6973168182373047,0.009761268943173121,0.017316818237304688,0.008394390344619751,0.0
519,-1.9557700157165527,2.7011218070983887,-1.5659526586532593,0.6996566879749299,normal_lane_following,0.005770015716552779,0.0,,,,,False,0.6996566879749299,0.017175791184304207,0.01965668797492981,0.01875874400138855,0.0
520,-1.955703854560852,2.677799940109253,-1.5679553747177124,0.6941554176807404,final_straight,0.005703854560852094,0.0,,,,,False,0.6941554176807404,0.006762145979789903,0.014155417680740356,0.009904950857162476,0.0
521,-1.9556562900543213,2.654661178588867,-1.5687377452850342,0.727852709889412,final_straight,0.005656290054321333,0.0,,,,,False,0.727852709889412,-0.015104418842990588,0.047852709889411926,-0.01,0.0
522,-1.9555617570877075,2.630399465560913,-1.56690514087677,0.7161883640289307,final_straight,0.005561757087707564,0.0,,,,,False,0.7161883640289307,-0.01601200736143781,0.036188364028930664,-0.01,0.0
523,-1.9554232358932495,2.6065268516540527,-1.5649938583374023,0.7177013236284256,final_straight,0.005423235893249556,0.0,,,,,False,0.7177013236284256,-0.014546218314725157,0.0377013236284256,-0.01,0.0
524,-1.9552427530288696,2.582603931427002,-1.5632538795471191,0.7147226560115815,final_straight,0.005242753028869673,0.0,,,,,False,0.7147226560115815,-0.012952725424843253,0.03472265601158142,-0.01,0.0
525,-1.9550261497497559,2.5587806701660156,-1.5617107152938843,0.7131498682498932,final_straight,0.005026149749755905,0.0,,,,,False,0.7131498682498932,-0.011456884748791083,0.03314986824989319,-0.01,0.0
526,-1.9547778367996216,2.5350100994110107,-1.560348629951477,0.7109461802244187,final_straight,0.0047778367996216264,0.0,,,,,False,0.7109461802244187,-0.01008154463579713,0.03094618022441864,-0.01,0.0
527,-1.9545018672943115,2.5113134384155273,-1.5591537952423096,0.7163757908344269,final_straight,0.004501867294311568,0.0,,,,,False,0.7163757908344269,-0.008813362405352397,0.03637579083442688,-0.01,0.0
528,-1.9541987180709839,2.487436056137085,-1.5581016540527344,0.7118787097930909,final_straight,0.004198718070983931,0.0,,,,,False,0.7118787097930909,-0.0052533589172190755,0.03187870979309082,-0.01,0.0
529,-1.9538826942443848,2.4637086391448975,-1.5574780702590942,0.7109966504573823,final_straight,0.00388269424438481,0.0,,,,,False,0.7109966504573823,-0.004115982522972594,0.030996650457382202,-0.01,0.0
530,-1.9535555839538574,2.4400110244750977,-1.5569902658462524,0.7086724567413331,final_straight,0.0035555839538574663,0.0,,,,,False,0.7086724567413331,-0.0033287042194835017,0.028672456741333008,-0.01,0.0
531,-1.9532201290130615,2.4163904190063477,-1.5565969944000244,0.706809960603714,final_straight,0.003220129013061568,0.0,,,,,False,0.706809960603714,-0.0026299416444135115,0.02680996060371399,-0.01,0.0
532,-1.9528783559799194,2.3928325176239014,-1.556287169456482,0.7046913731098176,final_straight,0.0028783559799194776,0.0,,,,,False,0.7046913731098176,-0.0019827231539079303,0.024691373109817505,-0.01,0.0
533,-1.952532172203064,2.36934494972229,-1.5560543537139893,0.7026318389177323,final_straight,0.0025321722030640093,0.0,,,,,False,0.7026318389177323,-0.0013764847103563387,0.02263183891773224,-0.01,0.0
534,-1.9521831274032593,2.34592604637146,-1.5558933019638062,0.7005481052398682,final_straight,0.0021831274032593218,0.0,,,,,False,0.7005481052398682,-0.0008043566125813875,0.020548105239868164,-0.01,0.0
535,-1.9518330097198486,2.3225769996643066,-1.5557994842529297,0.6984731036424637,final_straight,0.0018330097198486772,0.0,,,,,False,0.6984731036424637,-0.00025986343388706944,0.018473103642463684,-0.01,0.0
536,-1.951483130455017,2.2992970943450928,-1.5557692050933838,0.7032531130313874,final_straight,0.0014831304550171343,0.0,,,,,False,0.7032531130313874,0.0002627380936297465,0.02325311303138733,-0.01,0.0
537,-1.9511315822601318,2.27585768699646,-1.555799961090088,0.698938347697258,final_straight,0.0011315822601318803,0.0,,,,,False,0.698938347697258,0.001557910795346661,0.018938347697257996,-0.01,0.0
538,-1.9507863521575928,2.2525620460510254,-1.555981159210205,0.6978673267364502,final_straight,0.0007863521575928178,0.0,,,,,False,0.6978673267364502,0.0019238618333502107,0.017867326736450195,-0.01,0.0
539,-1.9504470825195312,2.229301929473877,-1.556205153465271,0.6955023038387299,final_straight,0.0004470825195312944,0.0,,,,,False,0.6955023038387299,0.0021749715627822717,0.015502303838729858,-0.01,0.0
540,-1.9501146078109741,2.2061209678649902,-1.5564571619033813,0.6935677754878998,final_straight,0.0001146078109741655,0.0,,,,,False,0.6935677754878998,0.0024096246379306865,0.01356777548789978,-0.01,0.0
541,-1.9497895240783691,2.183004140853882,-1.556735634803772,0.6913933086395264,final_straight,0.00021047592163081497,0.0,,,,,False,0.6913933086395264,0.002642212677038772,0.011393308639526367,-0.01,0.0
542,-1.949472427368164,2.159959554672241,-1.5570402145385742,0.74,final_straight,0.0005275726318358931,0.0,,,,,False,0.74,0.022875735565108225,0.06,0.01,0.0
543,-1.9492026567459106,2.135293960571289,-1.5598615407943726,0.74,final_straight,0.0007973432540893111,0.0,,,,,False,0.74,0.009251916366081104,0.06,-0.0038604736328125,0.0
544,-1.9489611387252808,2.110628128051758,-1.561002492904663,0.74,final_straight,0.0010388612747191939,0.0,,,,,False,0.74,0.010580013891431253,0.06,-0.0004908740520477295,0.0
545,-1.9487518072128296,2.0859622955322266,-1.562307357788086,0.74,final_straight,0.001248192787170366,0.0,,,,,False,0.74,0.007083616703496517,0.06,-0.003443315625190735,0.0
546,-1.9485639333724976,2.061296224594116,-1.5631810426712036,0.74,final_straight,0.001436066627502397,0.0,,,,,False,0.74,0.005664327081993114,0.06,-0.0034929662942886353,0.0
547,-1.9483933448791504,2.0366296768188477,-1.5638797283172607,0.74,final_straight,0.001606655120849565,0.0,,,,,False,0.74,0.00433829383432309,0.06,-0.004340961575508118,0.0
548,-1.9482358694076538,2.011963367462158,-1.5644147396087646,0.74,final_straight,0.001764130592346147,0.0,,,,,False,0.74,0.0033011039399259926,0.06,-0.005055621266365051,0.0
549,-1.948088526725769,1.9872970581054688,-1.5648220777511597,0.74,final_straight,0.0019114732742309126,0.0,,,,,False,0.74,0.0023938283954655724,0.06,-0.0057915449142456055,0.0
550,-1.9479484558105469,1.9626306295394897,-1.5651170015335083,0.74,final_straight,0.0020515441894530806,0.0,,,,,False,0.74,0.001586514815298836,0.06,-0.006551504135131836,0.0
551,-1.9478132724761963,1.9379640817642212,-1.5653125047683716,0.74,final_straight,0.0021867275238036665,0.0,,,,,False,0.74,0.0008793306631686981,0.06,-0.007327333092689514,0.0
552,-1.947684645652771,1.9132957458496094,-1.5654209852218628,0.74,final_straight,0.002315354347228959,0.0,,,,,False,0.74,0.0002946936422682251,0.06,-0.008090868592262268,0.0
553,-1.9475529193878174,1.8886293172836304,-1.5654572248458862,0.74,final_straight,0.0024470806121825728,0.0,,,,,False,0.74,-0.0002151143873615341,0.06,-0.008878946304321289,0.0
554,-1.947420597076416,1.8639627695083618,-1.565430760383606,0.74,final_straight,0.00257940292358394,0.0,,,,,False,0.74,-0.00220288112464062,0.06,-0.01,0.0
555,-1.9472815990447998,1.8392963409423828,-1.5651588439941406,0.74,final_straight,0.002718400955200151,0.0,,,,,False,0.74,-0.0019026315036780837,0.06,-0.01,0.0
556,-1.9471367597579956,1.8146300315856934,-1.5649240016937256,0.74,final_straight,0.00286324024200435,0.0,,,,,False,0.74,-0.001353995781950208,0.06,-0.01,0.0
557,-1.9469878673553467,1.7899638414382935,-1.5647571086883545,0.74,final_straight,0.003012132644653276,0.0,,,,,False,0.74,-0.000807152066312598,0.06,-0.01,0.0
558,-1.9468364715576172,1.7652974128723145,-1.56465744972229,0.74,final_straight,0.003163528442382768,0.0,,,,,False,0.74,-0.000288520599027604,0.06,-0.01,0.0
559,-1.9466842412948608,1.7406307458877563,-1.5646218061447144,0.74,final_straight,0.0033157587051391157,0.0,,,,,False,0.74,0.00020424424807934105,0.06,-0.01,0.0
560,-1.9465326070785522,1.7159643173217773,-1.56464684009552,0.74,final_straight,0.0034673929214477095,0.0,,,,,False,0.74,0.0006758294209608471,0.06,-0.01,0.0
561,-1.9463828802108765,1.691298007965088,-1.5647300481796265,0.74,final_straight,0.0036171197891234903,0.0,,,,,False,0.74,0.0011317362629759756,0.06,-0.01,0.0
562,-1.9462367296218872,1.6666316986083984,-1.5648696422576904,0.74,final_straight,0.0037632703781127486,0.0,,,,,False,0.74,0.0015774024703137692,0.06,-0.01,0.0
563,-1.9460586309432983,1.6420044898986816,-1.565063714981079,0.74,final_straight,0.003941369056701616,0.0,,,,,False,0.74,2.134777480446333e-05,0.06,-0.01,0.0
564,-1.9459173679351807,1.6173380613327026,-1.5650662183761597,0.74,final_straight,0.0040826320648192915,0.0,,,,,False,0.74,0.00024930465858753227,0.06,-0.01,0.0
565,-1.9457768201828003,1.5926716327667236,-1.5650969743728638,0.74,final_straight,0.004223179817199663,0.0,,,,,False,0.74,0.0006288385210419193,0.06,-0.01,0.0
566,-1.9456380605697632,1.5680052042007446,-1.5651743412017822,0.74,final_straight,0.004361939430236772,0.0,,,,,False,0.74,0.001011689616135545,0.06,-0.01,0.0
567,-1.9455024003982544,1.543338418006897,-1.5652989149093628,0.7392139214277268,final_straight,0.004497599601745561,0.0,,,,,False,0.7392139214277268,0.0013833468825434625,0.059213921427726746,-0.01,0.0
568,-1.945371150970459,1.5186982154846191,-1.56546950340271,0.7353720146417618,final_straight,0.004628849029540971,0.0,,,,,False,0.7353720146417618,0.0017451217639640384,0.05537201464176178,-0.01,0.0
569,-1.9452459812164307,1.4941860437393188,-1.565683364868164,0.7327123361825943,final_straight,0.0047540187835692915,0.0,,,,,False,0.7327123361825943,0.0020998909925207636,0.0527123361825943,-0.01,0.0
570,-1.9451273679733276,1.4697625637054443,-1.5659395456314087,0.7287699508666993,final_straight,0.004872632026672319,0.0,,,,,False,0.7287699508666993,0.0024504551618242994,0.04876995086669922,-0.01,0.0
571,-1.945016622543335,1.4454704523086548,-1.566237211227417,0.7356869953870774,final_straight,0.004983377456664995,0.0,,,,,False,0.7356869953870774,0.0003386298523241002,0.05568699538707733,-0.01,0.0
572,-1.9449057579040527,1.4209476709365845,-1.5662786960601807,0.7293823736906052,final_straight,0.005094242095947221,0.0,,,,,False,0.7293823736906052,0.0004217314417317673,0.049382373690605164,-0.01,0.0
573,-1.944797158241272,1.3966350555419922,-1.5663299560546875,0.7273311394453049,final_straight,0.005202841758727983,0.0,,,,,False,0.7273311394453049,0.0007611349566295049,0.04733113944530487,-0.01,0.0
574,-1.9446910619735718,1.3723907470703125,-1.5664221048355103,0.7224162596464158,final_straight,0.005308938026428178,0.0,,,,,False,0.7224162596464158,0.0011147194244530874,0.04241625964641571,-0.01,0.0
575,-1.9445890188217163,1.3483102321624756,-1.5665563344955444,0.7184967625141144,final_straight,0.005410981178283647,0.0,,,,,False,0.7184967625141144,0.0014583219979384353,0.03849676251411438,-0.01,0.0
576,-1.9444917440414429,1.3243603706359863,-1.5667307376861572,0.7141029614210129,final_straight,0.005508255958557085,0.0,,,,,False,0.7141029614210129,0.001790372837805922,0.03410296142101288,-0.01,0.0
577,-1.9443999528884888,1.3005567789077759,-1.5669437646865845,0.7101035195589066,final_straight,0.005600047111511186,0.0,,,,,False,0.7101035195589066,0.00211481841587465,0.030103519558906555,-0.01,0.0
578,-1.94431471824646,1.2768864631652832,-1.5671939849853516,0.7056666243076325,final_straight,0.005685281753539995,0.0,,,,,False,0.7056666243076325,0.002434956108251663,0.025666624307632446,-0.01,0.0
579,-1.9442367553710938,1.2533643245697021,-1.567480444908142,0.7012523639202118,final_straight,0.005763244628906206,0.0,,,,,False,0.7012523639202118,0.002754124301458072,0.021252363920211792,-0.01,0.0
580,-1.944166660308838,1.2299891710281372,-1.5678024291992188,0.7111871021986008,final_straight,0.005833339691162065,0.0,,,,,False,0.7111871021986008,0.00011115374111780527,0.03118710219860077,-0.01,0.0
581,-1.9440959692001343,1.2062829732894897,-1.5678154230117798,0.7000807303190232,final_straight,0.005904030799865678,0.0,,,,,False,0.7000807303190232,0.00015326043717949628,0.020080730319023132,-0.01,0.0
582,-1.9440269470214844,1.1829469203948975,-1.5678333044052124,0.6986834335327149,final_straight,0.005973052978515581,0.0,,,,,False,0.6986834335327149,0.0004988718017612404,0.018683433532714844,-0.01,0.0
583,-1.943959355354309,1.15965735912323,-1.567891240119934,0.6926800835132599,final_straight,0.0060406446456908736,0.0,,,,,False,0.6926800835132599,0.0008592192193204885,0.012680083513259888,-0.01,0.0
584,-1.9438945055007935,1.1365677118301392,-1.5679901838302612,0.6888709145784379,final_straight,0.006105494499206499,0.0,,,,,False,0.6888709145784379,0.0012091488782271058,0.008870914578437805,-0.01,0.0
585,-1.9438332319259644,1.1136053800582886,-1.568129062652588,0.6839952099323273,final_straight,0.006166768074035601,0.0,,,,,False,0.6839952099323273,0.0015464130358496513,0.0039952099323272705,-0.01,0.0
586,-1.9437764883041382,1.0908054113388062,-1.568305492401123,0.68,final_straight,0.006223511695861772,0.0,,,,,False,0.68,0.0018742930621739005,0.0,-0.01,0.0
587,-1.9437249898910522,1.068138599395752,-1.5685175657272339,0.68,final_straight,0.0062750101089477095,0.0,,,,,False,0.68,0.002195702080458632,0.0,-0.01,0.0
588,-1.943678855895996,1.0454719066619873,-1.5687663555145264,0.68,final_straight,0.006321144104003862,0.0,,,,,False,0.68,0.002514746395600044,0.0,-0.01,0.0
589,-1.9436392784118652,1.022805094718933,-1.5690510272979736,0.68,final_straight,0.006360721588134721,0.0,,,,,False,0.68,-0.00038017514604398936,0.0,-0.01,0.0
590,-1.943598747253418,1.0001384019851685,-1.5690079927444458,0.68,final_straight,0.006401252746581987,0.0,,,,,False,0.68,-0.00033145536650750103,0.0,-0.01,0.0
591,-1.9435573816299438,0.9774715304374695,-1.5689702033996582,0.68,final_straight,0.006442618370056108,0.0,,,,,False,0.68,3.1470823956353255e-05,0.0,-0.01,0.0
592,-1.9435160160064697,0.9548048377037048,-1.5689735412597656,0.68,final_straight,0.006483983993530229,0.0,,,,,False,0.68,0.00041329381039085025,0.0,-0.01,0.0
593,-1.9434757232666016,0.9321380257606506,-1.5690202713012695,0.68,final_straight,0.006524276733398393,0.0,,,,,False,0.68,0.000783317352368024,0.0,-0.01,0.0
594,-1.9434374570846558,0.9094712734222412,-1.5691088438034058,0.68,final_straight,0.006562542915344194,0.0,,,,,False,0.68,0.0011407320362718243,0.0,-0.01,0.0
595,-1.9434020519256592,0.8868044018745422,-1.5692378282546997,0.68,final_straight,0.006597948074340776,0.0,,,,,False,0.68,0.0014884966920829228,0.0,-0.01,0.0
596,-1.9433705806732178,0.8641375303268433,-1.569406509399414,0.68,final_straight,0.006629419326782182,0.0,,,,,False,0.68,0.0018299109329025735,0.0,-0.01,0.0
597,-1.9433437585830688,0.8414705991744995,-1.569614052772522,0.68,final_straight,0.006656241416931108,0.0,,,,,False,0.68,0.0021675753770520837,0.0,-0.01,0.0
598,-1.9433225393295288,0.8188038468360901,-1.5698596239089966,0.68,final_straight,0.006677460670471147,0.0,,,,,False,0.68,-0.000803418687474319,0.0,-0.01,0.0
599,-1.9432991743087769,0.7961369752883911,-1.5697684288024902,0.68,final_straight,0.0067008256912231,0.0,,,,,False,0.68,-0.000735289589068806,0.0,-0.01,0.0
600,-1.9432740211486816,0.7734701633453369,-1.5696848630905151,0.68,final_straight,0.006725978851318315,0.0,,,,,False,0.68,-0.00034455083874908136,0.0,-0.01,0.0
601,-1.94324791431427,0.7508032321929932,-1.569645881652832,0.68,final_straight,0.006752085685729936,0.0,,,,,False,0.68,6.294434186699359e-05,0.0,-0.01,0.0
602,-1.9432220458984375,0.728136420249939,-1.569652795791626,0.68,final_straight,0.006777954101562456,0.0,,,,,False,0.68,0.00045553238397583184,0.0,-0.01,0.0
603,-1.943197250366211,0.7054694890975952,-1.5697040557861328,0.68,final_straight,0.006802749633789018,0.0,,,,,False,0.68,0.000833059262249013,0.0,-0.01,0.0
604,-1.9431747198104858,0.6828027367591858,-1.569798469543457,0.68,final_straight,0.006825280189514116,0.0,,,,,False,0.68,0.0011986261660547268,0.0,-0.01,0.0
605,-1.9431551694869995,0.6601358652114868,-1.5699342489242554,0.68,final_straight,0.006844830513000444,0.0,,,,,False,0.68,0.0015547190270820445,0.0,-0.01,0.0
606,-1.9431395530700684,0.6374689936637878,-1.5701104402542114,0.68,final_straight,0.006860446929931595,0.0,,,,,False,0.68,0.0019053772318305216,0.0,-0.01,0.0
607,-1.9431289434432983,0.6148020625114441,-1.5703260898590088,0.68,final_straight,0.006871056556701616,0.0,,,,,False,0.68,0.002253902683791286,0.0,-0.01,0.0
608,-1.9431240558624268,0.5921351313591003,-1.5705814361572266,0.68,final_straight,0.006875944137573198,0.0,,,,,False,0.68,-0.06333120208940976,0.0,-0.01,0.0
609,-1.9429564476013184,0.5694689154624939,-1.5634040832519531,0.68,final_straight,0.007043552398681596,0.0,,,,,False,0.68,-0.06530205948850006,0.0,-0.01,0.0
610,-1.9426212310791016,0.5468045473098755,-1.5560027360916138,0.68,final_straight,0.007378768920898393,0.0,,,,,False,0.68,-0.06056635861173142,0.0,-0.01,0.0
611,-1.942130446434021,0.5241429209709167,-1.5491384267807007,0.68,final_straight,0.00786955356597896,0.0,,,,,False,0.68,-0.055512780885925685,0.0,-0.01,0.0
612,-1.9414969682693481,0.5014850497245789,-1.5428467988967896,0.68,final_straight,0.008503031730651811,0.0,,,,,False,0.68,-0.050823629822561,0.0,-0.01,0.0
613,-1.9407329559326172,0.478831022977829,-1.5370867252349854,0.68,final_straight,0.009267044067382768,0.0,,,,,False,0.68,-0.04653824819560373,0.0,-0.01,0.0
614,-1.9398494958877563,0.4561813175678253,-1.5318121910095215,0.68,final_straight,0.010150504112243608,0.0,,,,,False,0.68,-0.04262738618239448,0.0,-0.01,0.0
615,-1.938856601715088,0.4335362911224365,-1.5269811153411865,0.68,final_straight,0.011143398284912065,0.0,,,,,False,0.68,-0.03905649137189849,0.0,-0.01,0.0
616,-1.9377623796463013,0.4108751714229584,-1.5225507020950317,0.68,final_straight,0.012237620353698686,0.0,,,,,False,0.68,-0.03579353436077443,0.0,-0.01,0.0
617,-1.9365774393081665,0.3882393538951874,-1.5184941291809082,0.68,final_straight,0.013422560691833453,0.0,,27.521488189697266,9.0,36.521488189697266,True,0.68,-0.10841375184376949,0.0,-0.01,0.0
